Datum;Wochentag;Umsatz
29.05.2015;Freitag;0
30.05.2015;Samstag;0
31.05.2015;Sonntag;34.5
01.06.2015;Montag;31
02.06.2015;Dienstag;0
03.06.2015;Mittwoch;0
04.06.2015;Donnerstag;17
05.06.2015;Freitag;8
06.06.2015;Samstag;13
07.06.2015;Sonntag;20.5
08.06.2015;Montag;0
09.06.2015;Dienstag;8
10.06.2015;Mittwoch;22.5
11.06.2015;Donnerstag;13
12.06.2015;Freitag;4
13.06.2015;Samstag;8
14.06.2015;Sonntag;40.5
15.06.2015;Montag;29.5
16.06.2015;Dienstag;30
17.06.2015;Mittwoch;37
18.06.2015;Donnerstag;27
19.06.2015;Freitag;50
20.06.2015;Samstag;36
21.06.2015;Sonntag;42
22.06.2015;Montag;16
23.06.2015;Dienstag;17
24.06.2015;Mittwoch;30
25.06.2015;Donnerstag;45
26.06.2015;Freitag;4
27.06.2015;Samstag;9
28.06.2015;Sonntag;17.5
29.06.2015;Montag;13
30.06.2015;Dienstag;4
01.07.2015;Mittwoch;0
02.07.2015;Donnerstag;4
03.07.2015;Freitag;0
04.07.2015;Samstag;16
05.07.2015;Sonntag;12.5
06.07.2015;Montag;17.5
07.07.2015;Dienstag;4.5
08.07.2015;Mittwoch;22.5
09.07.2015;Donnerstag;2495.65
10.07.2015;Freitag;33.5
11.07.2015;Samstag;17.5
12.07.2015;Sonntag;17
13.07.2015;Montag;59
14.07.2015;Dienstag;13
15.07.2015;Mittwoch;12.5
16.07.2015;Donnerstag;125
17.07.2015;Freitag;2491.5
18.07.2015;Samstag;1974.5
19.07.2015;Sonntag;3890.25
20.07.2015;Montag;8728
21.07.2015;Dienstag;3001.5
22.07.2015;Mittwoch;4793.5
23.07.2015;Donnerstag;2766.5
24.07.2015;Freitag;2922
25.07.2015;Samstag;2826
26.07.2015;Sonntag;5629
27.07.2015;Montag;5541.5
28.07.2015;Dienstag;5893
29.07.2015;Mittwoch;7840.5
30.07.2015;Donnerstag;7672
31.07.2015;Freitag;7209
01.08.2015;Samstag;4585.5
02.08.2015;Sonntag;3415.5
03.08.2015;Montag;2147.5
04.08.2015;Dienstag;13
05.08.2015;Mittwoch;16
06.08.2015;Donnerstag;57.5
07.08.2015;Freitag;42
08.08.2015;Samstag;29.5
09.08.2015;Sonntag;52.5
10.08.2015;Montag;22
11.08.2015;Dienstag;12.5
12.08.2015;Mittwoch;45.5
13.08.2015;Donnerstag;722.5
14.08.2015;Freitag;37
15.08.2015;Samstag;62.5
16.08.2015;Sonntag;51
17.08.2015;Montag;30.5
18.08.2015;Dienstag;29
19.08.2015;Mittwoch;771.5
20.08.2015;Donnerstag;4812.5
21.08.2015;Freitag;46.5
22.08.2015;Samstag;23
23.08.2015;Sonntag;35.5
24.08.2015;Montag;46.5
25.08.2015;Dienstag;51
26.08.2015;Mittwoch;17
27.08.2015;Donnerstag;43
28.08.2015;Freitag;93
29.08.2015;Samstag;74
30.08.2015;Sonntag;30.5
31.08.2015;Montag;32.5
01.09.2015;Dienstag;13.5
02.09.2015;Mittwoch;47
03.09.2015;Donnerstag;79.5
04.09.2015;Freitag;24.5
05.09.2015;Samstag;22
06.09.2015;Sonntag;131
07.09.2015;Montag;46.5
08.09.2015;Dienstag;40
09.09.2015;Mittwoch;9
10.09.2015;Donnerstag;34
11.09.2015;Freitag;8
12.09.2015;Samstag;33
13.09.2015;Sonntag;17.5
14.09.2015;Montag;0
15.09.2015;Dienstag;34
16.09.2015;Mittwoch;16
17.09.2015;Donnerstag;21.5
18.09.2015;Freitag;0
19.09.2015;Samstag;59.5
20.09.2015;Sonntag;61
21.09.2015;Montag;72.5
22.09.2015;Dienstag;0
23.09.2015;Mittwoch;7
24.09.2015;Donnerstag;16
25.09.2015;Freitag;0
26.09.2015;Samstag;29
27.09.2015;Sonntag;121.5
28.09.2015;Montag;13
29.09.2015;Dienstag;0
30.09.2015;Mittwoch;21
01.10.2015;Donnerstag;7
02.10.2015;Freitag;42
03.10.2015;Samstag;19.5
04.10.2015;Sonntag;17.5
05.10.2015;Montag;18
06.10.2015;Dienstag;25.5
07.10.2015;Mittwoch;12.5
08.10.2015;Donnerstag;45
09.10.2015;Freitag;42
10.10.2015;Samstag;15.5
11.10.2015;Sonntag;25.5
12.10.2015;Montag;39.5
13.10.2015;Dienstag;8.5
14.10.2015;Mittwoch;9
15.10.2015;Donnerstag;4.5
16.10.2015;Freitag;0
17.10.2015;Samstag;17
18.10.2015;Sonntag;30.5
19.10.2015;Montag;65
20.10.2015;Dienstag;31
21.10.2015;Mittwoch;26
22.10.2015;Donnerstag;8.5
23.10.2015;Freitag;16.5
24.10.2015;Samstag;25.5
25.10.2015;Sonntag;35
26.10.2015;Montag;21
27.10.2015;Dienstag;0
28.10.2015;Mittwoch;8.5
29.10.2015;Donnerstag;67
30.10.2015;Freitag;17.5
31.10.2015;Samstag;25
01.11.2015;Sonntag;39.5
02.11.2015;Montag;9
03.11.2015;Dienstag;20.5
04.11.2015;Mittwoch;0
05.11.2015;Donnerstag;11.5
06.11.2015;Freitag;0
07.11.2015;Samstag;4.5
08.11.2015;Sonntag;8.5
09.11.2015;Montag;24
10.11.2015;Dienstag;0
11.11.2015;Mittwoch;0
12.11.2015;Donnerstag;9
13.11.2015;Freitag;8
14.11.2015;Samstag;17
15.11.2015;Sonntag;22
16.11.2015;Montag;86
17.11.2015;Dienstag;18
18.11.2015;Mittwoch;9
19.11.2015;Donnerstag;7
20.11.2015;Freitag;0
21.11.2015;Samstag;0
22.11.2015;Sonntag;17.5
23.11.2015;Montag;4.5
24.11.2015;Dienstag;4.5
25.11.2015;Mittwoch;27
26.11.2015;Donnerstag;17.5
27.11.2015;Freitag;17
28.11.2015;Samstag;26
29.11.2015;Sonntag;0
30.11.2015;Montag;17
01.12.2015;Dienstag;0
02.12.2015;Mittwoch;0
03.12.2015;Donnerstag;35.5
04.12.2015;Freitag;17
05.12.2015;Samstag;4.5
06.12.2015;Sonntag;111
07.12.2015;Montag;43.5
08.12.2015;Dienstag;0
09.12.2015;Mittwoch;9
10.12.2015;Donnerstag;9
11.12.2015;Freitag;4.5
12.12.2015;Samstag;4.5
13.12.2015;Sonntag;25
14.12.2015;Montag;35
15.12.2015;Dienstag;9
16.12.2015;Mittwoch;11.5
17.12.2015;Donnerstag;0
18.12.2015;Freitag;9
19.12.2015;Samstag;16
20.12.2015;Sonntag;22
21.12.2015;Montag;77
22.12.2015;Dienstag;20.5
23.12.2015;Mittwoch;34
25.12.2015;Freitag;0
26.12.2015;Samstag;16.5
27.12.2015;Sonntag;68.5
28.12.2015;Montag;32.5
29.12.2015;Dienstag;34
30.12.2015;Mittwoch;35.5
31.12.2015;Donnerstag;40.5
01.01.2016;Freitag;36
02.01.2016;Samstag;1800
03.01.2016;Sonntag;4817
04.01.2016;Montag;3739.5
05.01.2016;Dienstag;1840
06.01.2016;Mittwoch;1964
07.01.2016;Donnerstag;1548
08.01.2016;Freitag;836
09.01.2016;Samstag;877
10.01.2016;Sonntag;2231
11.01.2016;Montag;3713
12.01.2016;Dienstag;529
13.01.2016;Mittwoch;851.5
14.01.2016;Donnerstag;1242
15.01.2016;Freitag;2165.5
16.01.2016;Samstag;1363
17.01.2016;Sonntag;3139.5
18.01.2016;Montag;2387
19.01.2016;Dienstag;633.5
20.01.2016;Mittwoch;516
21.01.2016;Donnerstag;967
22.01.2016;Freitag;947
23.01.2016;Samstag;782.5
24.01.2016;Sonntag;2002.5
25.01.2016;Montag;3663
26.01.2016;Dienstag;332.5
27.01.2016;Mittwoch;1130
28.01.2016;Donnerstag;984.5
29.01.2016;Freitag;1536.5
30.01.2016;Samstag;1761.5
31.01.2016;Sonntag;4706
01.02.2016;Montag;3805
02.02.2016;Dienstag;1656.5
03.02.2016;Mittwoch;2128
04.02.2016;Donnerstag;1514.5
05.02.2016;Freitag;1254
06.02.2016;Samstag;2112.5
07.02.2016;Sonntag;3348
08.02.2016;Montag;3515.5
09.02.2016;Dienstag;1565
10.02.2016;Mittwoch;2211.5
11.02.2016;Donnerstag;1553
12.02.2016;Freitag;1415
13.02.2016;Samstag;1478.5
14.02.2016;Sonntag;3365.2
15.02.2016;Montag;4204.5
16.02.2016;Dienstag;906
17.02.2016;Mittwoch;1558.5
18.02.2016;Donnerstag;1259
19.02.2016;Freitag;1103.5
20.02.2016;Samstag;1533.5
21.02.2016;Sonntag;4008
22.02.2016;Montag;4191
23.02.2016;Dienstag;1481.5
24.02.2016;Mittwoch;1676
25.02.2016;Donnerstag;1662.5
26.02.2016;Freitag;2315.5
27.02.2016;Samstag;1901.5
28.02.2016;Sonntag;3083.5
29.02.2016;Montag;2753.5
01.03.2016;Dienstag;878.5
02.03.2016;Mittwoch;1306
03.03.2016;Donnerstag;1515
04.03.2016;Freitag;1460
05.03.2016;Samstag;865.5
06.03.2016;Sonntag;4002
07.03.2016;Montag;3693
08.03.2016;Dienstag;1496.5
09.03.2016;Mittwoch;1257.4
10.03.2016;Donnerstag;1451
11.03.2016;Freitag;1659
12.03.2016;Samstag;1764
13.03.2016;Sonntag;3913.5
14.03.2016;Montag;3303
15.03.2016;Dienstag;839
16.03.2016;Mittwoch;1678.5
17.03.2016;Donnerstag;1831.5
18.03.2016;Freitag;2467.5
19.03.2016;Samstag;1888
20.03.2016;Sonntag;2240.5
21.03.2016;Montag;4060
22.03.2016;Dienstag;2300
23.03.2016;Mittwoch;2821
24.03.2016;Donnerstag;1876
25.03.2016;Freitag;1201.5
26.03.2016;Samstag;5957.5
27.03.2016;Sonntag;2519.3
28.03.2016;Montag;4062.5
29.03.2016;Dienstag;3492.5
30.03.2016;Mittwoch;2235.5
31.03.2016;Donnerstag;3249.5
01.04.2016;Freitag;2412
02.04.2016;Samstag;1095.5
03.04.2016;Sonntag;2265.5
04.04.2016;Montag;1519.5
05.04.2016;Dienstag;1506
06.04.2016;Mittwoch;1650.5
07.04.2016;Donnerstag;1415
08.04.2016;Freitag;1637.5
09.04.2016;Samstag;1511.5
10.04.2016;Sonntag;2836.5
11.04.2016;Montag;1737
12.04.2016;Dienstag;1157
13.04.2016;Mittwoch;1168
14.04.2016;Donnerstag;1750.5
15.04.2016;Freitag;2210
16.04.2016;Samstag;2896.5
17.04.2016;Sonntag;3852
18.04.2016;Montag;2167
19.04.2016;Dienstag;1248
20.04.2016;Mittwoch;1958.5
21.04.2016;Donnerstag;1329.5
22.04.2016;Freitag;1931.93
23.04.2016;Samstag;1721.5
24.04.2016;Sonntag;2762
25.04.2016;Montag;2851.5
26.04.2016;Dienstag;1617.5
27.04.2016;Mittwoch;2332.5
28.04.2016;Donnerstag;2509.5
29.04.2016;Freitag;1659
30.04.2016;Samstag;1900.5
01.05.2016;Sonntag;3872.5
02.05.2016;Montag;1689.5
03.05.2016;Dienstag;1077
04.05.2016;Mittwoch;1810
05.05.2016;Donnerstag;2007
06.05.2016;Freitag;1638
07.05.2016;Samstag;2471.5
08.05.2016;Sonntag;2163
09.05.2016;Montag;1878.5
10.05.2016;Dienstag;1901.5
11.05.2016;Mittwoch;1216
12.05.2016;Donnerstag;1479.4
13.05.2016;Freitag;2179.15
14.05.2016;Samstag;1387
15.05.2016;Sonntag;2173.5
16.05.2016;Montag;6407
17.05.2016;Dienstag;3317
18.05.2016;Mittwoch;2016.5
19.05.2016;Donnerstag;2013
20.05.2016;Freitag;2292
21.05.2016;Samstag;1861
22.05.2016;Sonntag;3350.5
23.05.2016;Montag;1753.5
24.05.2016;Dienstag;1431
25.05.2016;Mittwoch;3470.7
26.05.2016;Donnerstag;2343.5
27.05.2016;Freitag;2893.8
28.05.2016;Samstag;3534.2
29.05.2016;Sonntag;3112
30.05.2016;Montag;4120.5
31.05.2016;Dienstag;1576.5
01.06.2016;Mittwoch;1718.91
02.06.2016;Donnerstag;1720.15
03.06.2016;Freitag;2423.6
04.06.2016;Samstag;2786.5
05.06.2016;Sonntag;2277
06.06.2016;Montag;1656
07.06.2016;Dienstag;1124
08.06.2016;Mittwoch;1170
09.06.2016;Donnerstag;2065.5
10.06.2016;Freitag;2074.5
11.06.2016;Samstag;1726.5
12.06.2016;Sonntag;2794
13.06.2016;Montag;4596.5
14.06.2016;Dienstag;2523.5
15.06.2016;Mittwoch;3416.5
16.06.2016;Donnerstag;3472.5
17.06.2016;Freitag;1757
18.06.2016;Samstag;2845
19.06.2016;Sonntag;2236.5
20.06.2016;Montag;1860.5
21.06.2016;Dienstag;1479.5
22.06.2016;Mittwoch;1819
23.06.2016;Donnerstag;2180
24.06.2016;Freitag;1797.73
25.06.2016;Samstag;2314
26.06.2016;Sonntag;3095
27.06.2016;Montag;2339.5
28.06.2016;Dienstag;1871.5
29.06.2016;Mittwoch;2043.5
30.06.2016;Donnerstag;2487.5
01.07.2016;Freitag;2223
02.07.2016;Samstag;2074.5
03.07.2016;Sonntag;3887
04.07.2016;Montag;2568.5
05.07.2016;Dienstag;1830.98
06.07.2016;Mittwoch;2189
07.07.2016;Donnerstag;2812.5
08.07.2016;Freitag;2064
09.07.2016;Samstag;3012.27
10.07.2016;Sonntag;2036
11.07.2016;Montag;2021.5
12.07.2016;Dienstag;1750.69
13.07.2016;Mittwoch;2657
14.07.2016;Donnerstag;2945.5
15.07.2016;Freitag;3647.7
16.07.2016;Samstag;3657.5
17.07.2016;Sonntag;3163.5
18.07.2016;Montag;2544.5
19.07.2016;Dienstag;3208
20.07.2016;Mittwoch;3105
21.07.2016;Donnerstag;2688
22.07.2016;Freitag;2436
23.07.2016;Samstag;1561.5
24.07.2016;Sonntag;2191.5
25.07.2016;Montag;1701
26.07.2016;Dienstag;1696
27.07.2016;Mittwoch;1468.5
28.07.2016;Donnerstag;2724.5
29.07.2016;Freitag;2155
30.07.2016;Samstag;2158.85
31.07.2016;Sonntag;2632
01.08.2016;Montag;2891
02.08.2016;Dienstag;3049.15
03.08.2016;Mittwoch;2032.5
04.08.2016;Donnerstag;6289.5
05.08.2016;Freitag;2861
06.08.2016;Samstag;2138
07.08.2016;Sonntag;3458.5
08.08.2016;Montag;1810
09.08.2016;Dienstag;2504.5
10.08.2016;Mittwoch;3805.5
11.08.2016;Donnerstag;3247.4
12.08.2016;Freitag;4104.1
13.08.2016;Samstag;3384.5
14.08.2016;Sonntag;3657
15.08.2016;Montag;2474.65
16.08.2016;Dienstag;2270.5
17.08.2016;Mittwoch;2246.5
18.08.2016;Donnerstag;2162.75
19.08.2016;Freitag;4458.5
20.08.2016;Samstag;1938
21.08.2016;Sonntag;3958.8
22.08.2016;Montag;1588.5
23.08.2016;Dienstag;2971
24.08.2016;Mittwoch;2844.2
25.08.2016;Donnerstag;1962.1
26.08.2016;Freitag;2041
27.08.2016;Samstag;1847
28.08.2016;Sonntag;2115.5
29.08.2016;Montag;2420
30.08.2016;Dienstag;1817
31.08.2016;Mittwoch;1751
01.09.2016;Donnerstag;1580.7
02.09.2016;Freitag;1604.4
03.09.2016;Samstag;3287.25
04.09.2016;Sonntag;3380.65
05.09.2016;Montag;4444.5
06.09.2016;Dienstag;2292.3
07.09.2016;Mittwoch;1737
08.09.2016;Donnerstag;2114.1
09.09.2016;Freitag;1821
10.09.2016;Samstag;2290.6
11.09.2016;Sonntag;2704
12.09.2016;Montag;1400.5
13.09.2016;Dienstag;1468.8
14.09.2016;Mittwoch;1691.3
15.09.2016;Donnerstag;2402.5
16.09.2016;Freitag;1652.15
17.09.2016;Samstag;2303.35
18.09.2016;Sonntag;3249.5
19.09.2016;Montag;2329.8
20.09.2016;Dienstag;1686
21.09.2016;Mittwoch;2536
22.09.2016;Donnerstag;1626.05
23.09.2016;Freitag;1542
24.09.2016;Samstag;2524
25.09.2016;Sonntag;2220.5
26.09.2016;Montag;1748.7
27.09.2016;Dienstag;1577
28.09.2016;Mittwoch;1302
29.09.2016;Donnerstag;2183.25
30.09.2016;Freitag;2237
01.10.2016;Samstag;1853
02.10.2016;Sonntag;2803.5
03.10.2016;Montag;2777.5
04.10.2016;Dienstag;3248.74
05.10.2016;Mittwoch;1811.5
06.10.2016;Donnerstag;1535.5
07.10.2016;Freitag;2190.5
08.10.2016;Samstag;2699.8
09.10.2016;Sonntag;4652.5
10.10.2016;Montag;3446
11.10.2016;Dienstag;1606.7
12.10.2016;Mittwoch;2849
13.10.2016;Donnerstag;2516
14.10.2016;Freitag;2271.5
15.10.2016;Samstag;2383.19
16.10.2016;Sonntag;3898
17.10.2016;Montag;2393.5
18.10.2016;Dienstag;1554.5
19.10.2016;Mittwoch;2226.5
20.10.2016;Donnerstag;2587
21.10.2016;Freitag;2896.4
22.10.2016;Samstag;1981.8
23.10.2016;Sonntag;5020.5
24.10.2016;Montag;3038
25.10.2016;Dienstag;1323
26.10.2016;Mittwoch;1592.5
27.10.2016;Donnerstag;1541.5
28.10.2016;Freitag;2223
29.10.2016;Samstag;2672.5
30.10.2016;Sonntag;2830
31.10.2016;Montag;2720.55
01.11.2016;Dienstag;1692
02.11.2016;Mittwoch;1097.5
03.11.2016;Donnerstag;1046.5
04.11.2016;Freitag;1600
05.11.2016;Samstag;1736
06.11.2016;Sonntag;4002
07.11.2016;Montag;2347.5
08.11.2016;Dienstag;1218
09.11.2016;Mittwoch;1608.5
10.11.2016;Donnerstag;1128.5
11.11.2016;Freitag;1397.5
12.11.2016;Samstag;1891.5
13.11.2016;Sonntag;2585
14.11.2016;Montag;2798.5
15.11.2016;Dienstag;682.5
16.11.2016;Mittwoch;1190.5
17.11.2016;Donnerstag;918
18.11.2016;Freitag;748
19.11.2016;Samstag;1829
20.11.2016;Sonntag;1759
21.11.2016;Montag;2265.5
22.11.2016;Dienstag;810.5
23.11.2016;Mittwoch;1784.6
24.11.2016;Donnerstag;1031
25.11.2016;Freitag;1080
26.11.2016;Samstag;1466
27.11.2016;Sonntag;2141
28.11.2016;Montag;1375.5
29.11.2016;Dienstag;1220.5
30.11.2016;Mittwoch;1707.5
01.12.2016;Donnerstag;1339.5
02.12.2016;Freitag;2175
03.12.2016;Samstag;2570
04.12.2016;Sonntag;2398
05.12.2016;Montag;1895.5
06.12.2016;Dienstag;1173.5
07.12.2016;Mittwoch;1130
08.12.2016;Donnerstag;2358.5
09.12.2016;Freitag;1913.5
10.12.2016;Samstag;1784.5
11.12.2016;Sonntag;2097
12.12.2016;Montag;1546.5
13.12.2016;Dienstag;1077
14.12.2016;Mittwoch;2527
15.12.2016;Donnerstag;2391.5
16.12.2016;Freitag;2890
17.12.2016;Samstag;2264
18.12.2016;Sonntag;2456
19.12.2016;Montag;1700
20.12.2016;Dienstag;2563
21.12.2016;Mittwoch;2349.5
22.12.2016;Donnerstag;1449.5
23.12.2016;Freitag;1015
25.12.2016;Sonntag;1198.5
26.12.2016;Montag;1484.65
27.12.2016;Dienstag;1816
28.12.2016;Mittwoch;1717
29.12.2016;Donnerstag;2909.5
30.12.2016;Freitag;2606
31.12.2016;Samstag;2638.2
01.01.2017;Sonntag;2294.5
02.01.2017;Montag;1335
03.01.2017;Dienstag;2257
04.01.2017;Mittwoch;2557.5
05.01.2017;Donnerstag;1024
06.01.2017;Freitag;1364.5
07.01.2017;Samstag;938
08.01.2017;Sonntag;867.5
09.01.2017;Montag;1981
10.01.2017;Dienstag;263
11.01.2017;Mittwoch;676.5
12.01.2017;Donnerstag;1766.5
13.01.2017;Freitag;961.7
14.01.2017;Samstag;419
15.01.2017;Sonntag;1300
16.01.2017;Montag;1654
17.01.2017;Dienstag;172.5
18.01.2017;Mittwoch;1482
19.01.2017;Donnerstag;524
20.01.2017;Freitag;449
21.01.2017;Samstag;1375
22.01.2017;Sonntag;2061.5
23.01.2017;Montag;2330
24.01.2017;Dienstag;340.5
25.01.2017;Mittwoch;606
26.01.2017;Donnerstag;865.5
27.01.2017;Freitag;1152.5
28.01.2017;Samstag;1084
29.01.2017;Sonntag;1559
30.01.2017;Montag;2358.5
31.01.2017;Dienstag;1640.5
01.02.2017;Mittwoch;1185
02.02.2017;Donnerstag;1093.05
03.02.2017;Freitag;860.5
04.02.2017;Samstag;903.5
05.02.2017;Sonntag;2330
06.02.2017;Montag;2368.5
07.02.2017;Dienstag;536.5
08.02.2017;Mittwoch;689.5
09.02.2017;Donnerstag;1373.4
10.02.2017;Freitag;1631
11.02.2017;Samstag;825
12.02.2017;Sonntag;2069
13.02.2017;Montag;2008.5
14.02.2017;Dienstag;667
15.02.2017;Mittwoch;944
16.02.2017;Donnerstag;1523.5
17.02.2017;Freitag;981.5
18.02.2017;Samstag;1589.5
19.02.2017;Sonntag;2342
20.02.2017;Montag;2875.5
21.02.2017;Dienstag;568
22.02.2017;Mittwoch;1985.5
23.02.2017;Donnerstag;1330
24.02.2017;Freitag;1140
25.02.2017;Samstag;1347
26.02.2017;Sonntag;2900.5
27.02.2017;Montag;3684
28.02.2017;Dienstag;978
01.03.2017;Mittwoch;1661
02.03.2017;Donnerstag;1224.5
03.03.2017;Freitag;1679
04.03.2017;Samstag;1297
05.03.2017;Sonntag;1685.5
06.03.2017;Montag;2110
07.03.2017;Dienstag;676
08.03.2017;Mittwoch;1670.5
09.03.2017;Donnerstag;1434.5
10.03.2017;Freitag;1567
11.03.2017;Samstag;1072
12.03.2017;Sonntag;2739
13.03.2017;Montag;2204
14.03.2017;Dienstag;868.5
15.03.2017;Mittwoch;1258.5
16.03.2017;Donnerstag;1466
17.03.2017;Freitag;876.5
18.03.2017;Samstag;1847
19.03.2017;Sonntag;3271
20.03.2017;Montag;4549
21.03.2017;Dienstag;1115.5
22.03.2017;Mittwoch;1154
23.03.2017;Donnerstag;2194
24.03.2017;Freitag;2049.45
25.03.2017;Samstag;1143
26.03.2017;Sonntag;2708.5
27.03.2017;Montag;2348.5
28.03.2017;Dienstag;969
29.03.2017;Mittwoch;860
30.03.2017;Donnerstag;1116.5
31.03.2017;Freitag;2134
01.04.2017;Samstag;1957.5
02.04.2017;Sonntag;1942.3
03.04.2017;Montag;1789.5
04.04.2017;Dienstag;919
05.04.2017;Mittwoch;1652.9
06.04.2017;Donnerstag;1341
07.04.2017;Freitag;2308
08.04.2017;Samstag;2121.5
09.04.2017;Sonntag;2163
10.04.2017;Montag;1172.5
11.04.2017;Dienstag;1600.5
12.04.2017;Mittwoch;1949.43
13.04.2017;Donnerstag;3537
14.04.2017;Freitag;2360.5
15.04.2017;Samstag;3081
16.04.2017;Sonntag;5322.5
17.04.2017;Montag;4527
18.04.2017;Dienstag;3114.5
19.04.2017;Mittwoch;1886.5
20.04.2017;Donnerstag;2454
21.04.2017;Freitag;1608
22.04.2017;Samstag;2013.5
23.04.2017;Sonntag;2882.5
24.04.2017;Montag;2615.5
25.04.2017;Dienstag;1811
26.04.2017;Mittwoch;1790.5
27.04.2017;Donnerstag;1676
28.04.2017;Freitag;2010.5
29.04.2017;Samstag;2271.65
30.04.2017;Sonntag;3784.5
01.05.2017;Montag;2489
02.05.2017;Dienstag;1737.5
03.05.2017;Mittwoch;1530.1
04.05.2017;Donnerstag;2311.1
05.05.2017;Freitag;2718.5
06.05.2017;Samstag;2194
07.05.2017;Sonntag;2780.5
08.05.2017;Montag;1850.5
09.05.2017;Dienstag;2041
10.05.2017;Mittwoch;1720.5
11.05.2017;Donnerstag;2577.7
12.05.2017;Freitag;1322.5
13.05.2017;Samstag;2339.5
14.05.2017;Sonntag;2613.5
15.05.2017;Montag;1968.5
16.05.2017;Dienstag;1623.5
17.05.2017;Mittwoch;2323.15
18.05.2017;Donnerstag;2489.5
19.05.2017;Freitag;1772
20.05.2017;Samstag;1768.1
21.05.2017;Sonntag;2116.5
22.05.2017;Montag;375.5
23.05.2017;Dienstag;1500
24.05.2017;Mittwoch;1627
25.05.2017;Donnerstag;1580
26.05.2017;Freitag;1747.5
27.05.2017;Samstag;2566.5
28.05.2017;Sonntag;2929
29.05.2017;Montag;1704.5
30.05.2017;Dienstag;767.5
31.05.2017;Mittwoch;1857
01.06.2017;Donnerstag;1966.3
02.06.2017;Freitag;2003.4
03.06.2017;Samstag;647.5
04.06.2017;Sonntag;2580.5
05.06.2017;Montag;5383.95
06.06.2017;Dienstag;1222
07.06.2017;Mittwoch;1473.5
08.06.2017;Donnerstag;3335
09.06.2017;Freitag;2500
10.06.2017;Samstag;1483
11.06.2017;Sonntag;2298.5
12.06.2017;Montag;1728
13.06.2017;Dienstag;1950.25
14.06.2017;Mittwoch;2005.6
15.06.2017;Donnerstag;2063.05
16.06.2017;Freitag;2301.4
17.06.2017;Samstag;3328.4
18.06.2017;Sonntag;2899
19.06.2017;Montag;1224.5
20.06.2017;Dienstag;1142.1
21.06.2017;Mittwoch;2045
22.06.2017;Donnerstag;1666
23.06.2017;Freitag;1705
24.06.2017;Samstag;2173
25.06.2017;Sonntag;3984
26.06.2017;Montag;1668.7
27.06.2017;Dienstag;1341
28.06.2017;Mittwoch;1813.5
29.06.2017;Donnerstag;1830.55
30.06.2017;Freitag;1743
01.07.2017;Samstag;3314.25
02.07.2017;Sonntag;3886
03.07.2017;Montag;2662.5
04.07.2017;Dienstag;1809
05.07.2017;Mittwoch;2294
06.07.2017;Donnerstag;2031
07.07.2017;Freitag;1459.54
08.07.2017;Samstag;2067.5
09.07.2017;Sonntag;2613.5
10.07.2017;Montag;1307.5
11.07.2017;Dienstag;2918.7
12.07.2017;Mittwoch;3453
13.07.2017;Donnerstag;5820.5
14.07.2017;Freitag;1515
15.07.2017;Samstag;2174.5
16.07.2017;Sonntag;1811.5
17.07.2017;Montag;3293.25
18.07.2017;Dienstag;2165.5
19.07.2017;Mittwoch;2482.4
20.07.2017;Donnerstag;1646.75
21.07.2017;Freitag;3131
22.07.2017;Samstag;1693.5
23.07.2017;Sonntag;3933
24.07.2017;Montag;3225.5
25.07.2017;Dienstag;1685.5
26.07.2017;Mittwoch;5796.5
27.07.2017;Donnerstag;2278.5
28.07.2017;Freitag;2189
29.07.2017;Samstag;2238.5
30.07.2017;Sonntag;3396.5
31.07.2017;Montag;1937.5
01.08.2017;Dienstag;1182.5
02.08.2017;Mittwoch;2546.5
03.08.2017;Donnerstag;2013
04.08.2017;Freitag;3539.5
05.08.2017;Samstag;2021
06.08.2017;Sonntag;2119
07.08.2017;Montag;1770.5
08.08.2017;Dienstag;1633.5
09.08.2017;Mittwoch;2426.85
10.08.2017;Donnerstag;2148.5
11.08.2017;Freitag;2585.5
12.08.2017;Samstag;4499.37
13.08.2017;Sonntag;3829.85
14.08.2017;Montag;2880
15.08.2017;Dienstag;1517.5
16.08.2017;Mittwoch;1775
17.08.2017;Donnerstag;2254.4
18.08.2017;Freitag;2507.5
19.08.2017;Samstag;2869
20.08.2017;Sonntag;2593
21.08.2017;Montag;3613.5
22.08.2017;Dienstag;2379.5
23.08.2017;Mittwoch;2767.5
24.08.2017;Donnerstag;1417.3
25.08.2017;Freitag;2784.69
26.08.2017;Samstag;1873
27.08.2017;Sonntag;1785
28.08.2017;Montag;2093.75
29.08.2017;Dienstag;1592.5
30.08.2017;Mittwoch;1038.5
31.08.2017;Donnerstag;2402.25
01.09.2017;Freitag;3123.05
02.09.2017;Samstag;2838.5
03.09.2017;Sonntag;2174
04.09.2017;Montag;1685.5
05.09.2017;Dienstag;1158.45
06.09.2017;Mittwoch;1518.5
07.09.2017;Donnerstag;4593.5
08.09.2017;Freitag;2537.5
09.09.2017;Samstag;3694.5
10.09.2017;Sonntag;4950
11.09.2017;Montag;853.5
12.09.2017;Dienstag;1993
13.09.2017;Mittwoch;2633
14.09.2017;Donnerstag;3295.95
15.09.2017;Freitag;2264.1
16.09.2017;Samstag;1573.5
17.09.2017;Sonntag;3949
18.09.2017;Montag;2508.2
19.09.2017;Dienstag;2007.5
20.09.2017;Mittwoch;1884
21.09.2017;Donnerstag;2444.9
22.09.2017;Freitag;2013
23.09.2017;Samstag;2444.5
24.09.2017;Sonntag;2226
25.09.2017;Montag;2086
26.09.2017;Dienstag;2179.5
27.09.2017;Mittwoch;1757.5
28.09.2017;Donnerstag;2110
29.09.2017;Freitag;2383.1
30.09.2017;Samstag;760.5
01.10.2017;Sonntag;2706
02.10.2017;Montag;2021
03.10.2017;Dienstag;4497
04.10.2017;Mittwoch;3019
05.10.2017;Donnerstag;1838.5
06.10.2017;Freitag;3081.5
07.10.2017;Samstag;1644.5
08.10.2017;Sonntag;3682.5
09.10.2017;Montag;985
10.10.2017;Dienstag;1053.5
11.10.2017;Mittwoch;1814.5
12.10.2017;Donnerstag;2735.5
13.10.2017;Freitag;2178
14.10.2017;Samstag;1952.35
15.10.2017;Sonntag;2704.5
16.10.2017;Montag;1467.5
17.10.2017;Dienstag;607.5
18.10.2017;Mittwoch;1581.5
19.10.2017;Donnerstag;1797.25
20.10.2017;Freitag;1112
21.10.2017;Samstag;1662
22.10.2017;Sonntag;2072
23.10.2017;Montag;1901.5
24.10.2017;Dienstag;1435
25.10.2017;Mittwoch;1655
26.10.2017;Donnerstag;1938.5
27.10.2017;Freitag;1547.5
28.10.2017;Samstag;1559.5
29.10.2017;Sonntag;2302
30.10.2017;Montag;3221.5
31.10.2017;Dienstag;1752
01.11.2017;Mittwoch;3987.2
02.11.2017;Donnerstag;1720.75
03.11.2017;Freitag;1437.25
04.11.2017;Samstag;1807.5
05.11.2017;Sonntag;1699
06.11.2017;Montag;2443
07.11.2017;Dienstag;475.5
08.11.2017;Mittwoch;958.5
09.11.2017;Donnerstag;1057.5
10.11.2017;Freitag;1791.5
11.11.2017;Samstag;803
12.11.2017;Sonntag;2110.5
13.11.2017;Montag;1957.75
14.11.2017;Dienstag;451.5
15.11.2017;Mittwoch;664.5
16.11.2017;Donnerstag;431
17.11.2017;Freitag;2497.5
18.11.2017;Samstag;888
19.11.2017;Sonntag;3272.5
20.11.2017;Montag;1711.5
21.11.2017;Dienstag;473
22.11.2017;Mittwoch;1168
23.11.2017;Donnerstag;1375.25
24.11.2017;Freitag;1338
25.11.2017;Samstag;1358
26.11.2017;Sonntag;2148.5
27.11.2017;Montag;1923
28.11.2017;Dienstag;2179.5
29.11.2017;Mittwoch;2267.5
30.11.2017;Donnerstag;2738
01.12.2017;Freitag;1691.75
02.12.2017;Samstag;1753
03.12.2017;Sonntag;2414.5
04.12.2017;Montag;2160
05.12.2017;Dienstag;1215.5
06.12.2017;Mittwoch;3019.5
07.12.2017;Donnerstag;2750
08.12.2017;Freitag;2773.5
09.12.2017;Samstag;3078
10.12.2017;Sonntag;1748
11.12.2017;Montag;2018.5
12.12.2017;Dienstag;2146
13.12.2017;Mittwoch;2488.5
14.12.2017;Donnerstag;2072
15.12.2017;Freitag;2249
16.12.2017;Samstag;2076.5
17.12.2017;Sonntag;1601
18.12.2017;Montag;1006.5
19.12.2017;Dienstag;1312
20.12.2017;Mittwoch;2178.5
21.12.2017;Donnerstag;1264
22.12.2017;Freitag;1337
23.12.2017;Samstag;1555
25.12.2017;Montag;822.5
26.12.2017;Dienstag;1575.5
27.12.2017;Mittwoch;2035.5
28.12.2017;Donnerstag;2443
29.12.2017;Freitag;3585
30.12.2017;Samstag;2695
31.12.2017;Sonntag;4033.25
01.01.2018;Montag;3466
02.01.2018;Dienstag;948
03.01.2018;Mittwoch;2125.5
04.01.2018;Donnerstag;2197
05.01.2018;Freitag;2106.5
06.01.2018;Samstag;1578.5
07.01.2018;Sonntag;2086.5
08.01.2018;Montag;874.5
09.01.2018;Dienstag;359.5
10.01.2018;Mittwoch;535.5
11.01.2018;Donnerstag;582
12.01.2018;Freitag;876
13.01.2018;Samstag;573.5
14.01.2018;Sonntag;2380.5
15.01.2018;Montag;1481
16.01.2018;Dienstag;359.5
17.01.2018;Mittwoch;887
18.01.2018;Donnerstag;506.5
19.01.2018;Freitag;410
20.01.2018;Samstag;886
21.01.2018;Sonntag;2527
22.01.2018;Montag;2186
23.01.2018;Dienstag;357
24.01.2018;Mittwoch;442
25.01.2018;Donnerstag;1165.5
26.01.2018;Freitag;277.5
27.01.2018;Samstag;1149.5
28.01.2018;Sonntag;1545
29.01.2018;Montag;2205.5
30.01.2018;Dienstag;855
31.01.2018;Mittwoch;468.5
01.02.2018;Donnerstag;820
02.02.2018;Freitag;782
03.02.2018;Samstag;1868.5
04.02.2018;Sonntag;3483.25
05.02.2018;Montag;2494.5
06.02.2018;Dienstag;642
07.02.2018;Mittwoch;1096
08.02.2018;Donnerstag;986.5
09.02.2018;Freitag;404
10.02.2018;Samstag;1222.5
11.02.2018;Sonntag;2370.75
12.02.2018;Montag;2317
13.02.2018;Dienstag;1160.5
14.02.2018;Mittwoch;1098.5
15.02.2018;Donnerstag;670
16.02.2018;Freitag;850.5
17.02.2018;Samstag;724.5
18.02.2018;Sonntag;2567.5
19.02.2018;Montag;2418
20.02.2018;Dienstag;730.5
21.02.2018;Mittwoch;637.25
22.02.2018;Donnerstag;845
23.02.2018;Freitag;1004.5
24.02.2018;Samstag;1246
25.02.2018;Sonntag;1972.5
26.02.2018;Montag;1368.5
27.02.2018;Dienstag;658.5
28.02.2018;Mittwoch;693.5
01.03.2018;Donnerstag;1330.75
02.03.2018;Freitag;1555
03.03.2018;Samstag;1134
04.03.2018;Sonntag;2044.75
05.03.2018;Montag;1528
06.03.2018;Dienstag;611
07.03.2018;Mittwoch;434.5
08.03.2018;Donnerstag;1115
09.03.2018;Freitag;1006.5
10.03.2018;Samstag;1303.75
11.03.2018;Sonntag;4243.15
12.03.2018;Montag;1104
13.03.2018;Dienstag;1783
14.03.2018;Mittwoch;2077
15.03.2018;Donnerstag;1116.5
16.03.2018;Freitag;1419
17.03.2018;Samstag;1749
18.03.2018;Sonntag;3228
19.03.2018;Montag;1732
20.03.2018;Dienstag;1147.75
21.03.2018;Mittwoch;1742.65
22.03.2018;Donnerstag;1735
23.03.2018;Freitag;1776.5
24.03.2018;Samstag;1526
25.03.2018;Sonntag;2279
26.03.2018;Montag;2268.5
27.03.2018;Dienstag;1977.5
28.03.2018;Mittwoch;2444
29.03.2018;Donnerstag;2336
30.03.2018;Freitag;2482.4
31.03.2018;Samstag;2317
01.04.2018;Sonntag;4555.5
02.04.2018;Montag;4512.5
03.04.2018;Dienstag;1647.5
04.04.2018;Mittwoch;1546
05.04.2018;Donnerstag;2244
06.04.2018;Freitag;2348
07.04.2018;Samstag;1295
08.04.2018;Sonntag;1479.75
09.04.2018;Montag;748
10.04.2018;Dienstag;671.5
11.04.2018;Mittwoch;1768.06
12.04.2018;Donnerstag;1567
13.04.2018;Freitag;906
14.04.2018;Samstag;1597
15.04.2018;Sonntag;2163.5
16.04.2018;Montag;2803
17.04.2018;Dienstag;1250
18.04.2018;Mittwoch;1205
19.04.2018;Donnerstag;1254
20.04.2018;Freitag;901
21.04.2018;Samstag;756.25
22.04.2018;Sonntag;2532
23.04.2018;Montag;1446
24.04.2018;Dienstag;1193.8
25.04.2018;Mittwoch;1675.5
26.04.2018;Donnerstag;1461.5
27.04.2018;Freitag;1462.4
28.04.2018;Samstag;2009.5
29.04.2018;Sonntag;2479.5
30.04.2018;Montag;1848.5
01.05.2018;Dienstag;3205
02.05.2018;Mittwoch;4261.5
03.05.2018;Donnerstag;932.5
04.05.2018;Freitag;1593.88
05.05.2018;Samstag;1489.56
06.05.2018;Sonntag;1296
07.05.2018;Montag;1775
08.05.2018;Dienstag;728.5
09.05.2018;Mittwoch;1309.25
10.05.2018;Donnerstag;1977.5
11.05.2018;Freitag;2316.5
12.05.2018;Samstag;2301
13.05.2018;Sonntag;2695
14.05.2018;Montag;1574.5
15.05.2018;Dienstag;966
16.05.2018;Mittwoch;1974.4
17.05.2018;Donnerstag;374.5
18.05.2018;Freitag;1996.85
19.05.2018;Samstag;1378
20.05.2018;Sonntag;1854
21.05.2018;Montag;1640.5
22.05.2018;Dienstag;1024
23.05.2018;Mittwoch;1216.5
24.05.2018;Donnerstag;1835
25.05.2018;Freitag;2243.5
26.05.2018;Samstag;1210.5
27.05.2018;Sonntag;2102
28.05.2018;Montag;1389.5
29.05.2018;Dienstag;1195.8
30.05.2018;Mittwoch;1704
31.05.2018;Donnerstag;1789
01.06.2018;Freitag;810.5
02.06.2018;Samstag;1384.5
03.06.2018;Sonntag;3748.54
04.06.2018;Montag;2853
05.06.2018;Dienstag;2211.9
06.06.2018;Mittwoch;2114.35
07.06.2018;Donnerstag;1213.1
08.06.2018;Freitag;1457.5
09.06.2018;Samstag;987.25
10.06.2018;Sonntag;2178.75
11.06.2018;Montag;1441.5
12.06.2018;Dienstag;1351.1
13.06.2018;Mittwoch;1116
14.06.2018;Donnerstag;2291
15.06.2018;Freitag;1844.7
16.06.2018;Samstag;1190
17.06.2018;Sonntag;2843.75
18.06.2018;Montag;1228.25
19.06.2018;Dienstag;1896
20.06.2018;Mittwoch;2724.5
21.06.2018;Donnerstag;2238.5
22.06.2018;Freitag;3135
23.06.2018;Samstag;2772.5
24.06.2018;Sonntag;2761
25.06.2018;Montag;3534.75
26.06.2018;Dienstag;2815.5
27.06.2018;Mittwoch;1489
28.06.2018;Donnerstag;1554.5
29.06.2018;Freitag;1961.5
30.06.2018;Samstag;1577.5
01.07.2018;Sonntag;1618
02.07.2018;Montag;1185
03.07.2018;Dienstag;1996.5
04.07.2018;Mittwoch;1856.5
05.07.2018;Donnerstag;2158.75
06.07.2018;Freitag;2095.5
07.07.2018;Samstag;1639
08.07.2018;Sonntag;1572.5
09.07.2018;Montag;1732
10.07.2018;Dienstag;2420.8
11.07.2018;Mittwoch;2233.5
12.07.2018;Donnerstag;4286.5
13.07.2018;Freitag;1525
14.07.2018;Samstag;1409.5
15.07.2018;Sonntag;2205.5
16.07.2018;Montag;1035.5
17.07.2018;Dienstag;1396.25
18.07.2018;Mittwoch;1497
19.07.2018;Donnerstag;2269
20.07.2018;Freitag;1610
21.07.2018;Samstag;2189
22.07.2018;Sonntag;1556
23.07.2018;Montag;1320
24.07.2018;Dienstag;2177
25.07.2018;Mittwoch;2244
26.07.2018;Donnerstag;2074.65
27.07.2018;Freitag;2210.5
28.07.2018;Samstag;1476
29.07.2018;Sonntag;2204.25
30.07.2018;Montag;1290.5
31.07.2018;Dienstag;1724.05
01.08.2018;Mittwoch;1877.75
02.08.2018;Donnerstag;1972.5
03.08.2018;Freitag;2037.5
04.08.2018;Samstag;1741.22
05.08.2018;Sonntag;1967
06.08.2018;Montag;1926
07.08.2018;Dienstag;2110
08.08.2018;Mittwoch;2036.9
09.08.2018;Donnerstag;2429
10.08.2018;Freitag;1923
11.08.2018;Samstag;2820.5
12.08.2018;Sonntag;4432
13.08.2018;Montag;2425
14.08.2018;Dienstag;1870
15.08.2018;Mittwoch;3526.5
16.08.2018;Donnerstag;2791.54
17.08.2018;Freitag;1819
18.08.2018;Samstag;2871.43
19.08.2018;Sonntag;1763.5
20.08.2018;Montag;2638.5
21.08.2018;Dienstag;2408
22.08.2018;Mittwoch;1765
23.08.2018;Donnerstag;1915
24.08.2018;Freitag;2639.5
25.08.2018;Samstag;2483.5
26.08.2018;Sonntag;3497.5
27.08.2018;Montag;1924
28.08.2018;Dienstag;3592.5
29.08.2018;Mittwoch;1801.25
30.08.2018;Donnerstag;1833.5
31.08.2018;Freitag;3724.71
01.09.2018;Samstag;1448
02.09.2018;Sonntag;2158.5
03.09.2018;Montag;2166
04.09.2018;Dienstag;2247.5
05.09.2018;Mittwoch;2229.25
06.09.2018;Donnerstag;2848.75
07.09.2018;Freitag;1334
08.09.2018;Samstag;2997.5
09.09.2018;Sonntag;3281.5
10.09.2018;Montag;2241.75
11.09.2018;Dienstag;1734.7
12.09.2018;Mittwoch;2347
13.09.2018;Donnerstag;3502.45
14.09.2018;Freitag;1861.5
15.09.2018;Samstag;2366
16.09.2018;Sonntag;4218.5
17.09.2018;Montag;1921
18.09.2018;Dienstag;1601.5
19.09.2018;Mittwoch;2728.7
20.09.2018;Donnerstag;2333.5
21.09.2018;Freitag;518.5
22.09.2018;Samstag;2466.75
23.09.2018;Sonntag;3801.5
24.09.2018;Montag;3008.5
25.09.2018;Dienstag;2878
26.09.2018;Mittwoch;2441
27.09.2018;Donnerstag;1908.5
28.09.2018;Freitag;2459.5
29.09.2018;Samstag;2049.5
30.09.2018;Sonntag;3377.95
01.10.2018;Montag;1538.3
02.10.2018;Dienstag;1514.5
03.10.2018;Mittwoch;4638
04.10.2018;Donnerstag;2745
05.10.2018;Freitag;1981.5
06.10.2018;Samstag;1737.95
07.10.2018;Sonntag;2560.25
08.10.2018;Montag;2301.1
09.10.2018;Dienstag;1303.75
10.10.2018;Mittwoch;1642
11.10.2018;Donnerstag;1396
12.10.2018;Freitag;1466
13.10.2018;Samstag;1251.5
14.10.2018;Sonntag;2091
15.10.2018;Montag;1793.5
16.10.2018;Dienstag;1426
17.10.2018;Mittwoch;1438.75
18.10.2018;Donnerstag;1581.5
19.10.2018;Freitag;2489.45
20.10.2018;Samstag;2364
21.10.2018;Sonntag;2089.5
22.10.2018;Montag;2238
23.10.2018;Dienstag;1025.5
24.10.2018;Mittwoch;2355.5
25.10.2018;Donnerstag;1806.5
26.10.2018;Freitag;1933.5
27.10.2018;Samstag;2368.5
28.10.2018;Sonntag;3407
29.10.2018;Montag;2876
30.10.2018;Dienstag;2255.5
31.10.2018;Mittwoch;1091
01.11.2018;Donnerstag;2258
02.11.2018;Freitag;1781
03.11.2018;Samstag;2751
04.11.2018;Sonntag;2504.5
05.11.2018;Montag;2281
06.11.2018;Dienstag;554
07.11.2018;Mittwoch;872
08.11.2018;Donnerstag;1295.75
09.11.2018;Freitag;950.5
10.11.2018;Samstag;909.5
11.11.2018;Sonntag;2310
12.11.2018;Montag;1840.5
13.11.2018;Dienstag;791.5
14.11.2018;Mittwoch;1118.5
15.11.2018;Donnerstag;1320.5
16.11.2018;Freitag;837
17.11.2018;Samstag;962.5
18.11.2018;Sonntag;2190
19.11.2018;Montag;1882.5
20.11.2018;Dienstag;738
21.11.2018;Mittwoch;1393
22.11.2018;Donnerstag;795.5
23.11.2018;Freitag;1207.5
24.11.2018;Samstag;1378.5
25.11.2018;Sonntag;2915
26.11.2018;Montag;2046
27.11.2018;Dienstag;571.5
28.11.2018;Mittwoch;1177.8
29.11.2018;Donnerstag;1842
30.11.2018;Freitag;1795
01.12.2018;Samstag;897
02.12.2018;Sonntag;2688.1
03.12.2018;Montag;2918.5
04.12.2018;Dienstag;1689.5
05.12.2018;Mittwoch;1619
06.12.2018;Donnerstag;2786.25
07.12.2018;Freitag;1707.75
08.12.2018;Samstag;2927
09.12.2018;Sonntag;3986.5
10.12.2018;Montag;2195.5
11.12.2018;Dienstag;1159.5
12.12.2018;Mittwoch;2210
13.12.2018;Donnerstag;2254.5
14.12.2018;Freitag;2679.75
15.12.2018;Samstag;2383.25
16.12.2018;Sonntag;2228
17.12.2018;Montag;1512
18.12.2018;Dienstag;2302
19.12.2018;Mittwoch;1896
20.12.2018;Donnerstag;2077
21.12.2018;Freitag;2334.5
22.12.2018;Samstag;1285.25
23.12.2018;Sonntag;1062.5
25.12.2018;Dienstag;1880
26.12.2018;Mittwoch;2097.5
27.12.2018;Donnerstag;1700.5
28.12.2018;Freitag;2547.5
29.12.2018;Samstag;3418
30.12.2018;Sonntag;4327.8
31.12.2018;Montag;3459
01.01.2019;Dienstag;2506
02.01.2019;Mittwoch;1530.5
03.01.2019;Donnerstag;2401
04.01.2019;Freitag;1679
05.01.2019;Samstag;2171
06.01.2019;Sonntag;1609.5
07.01.2019;Montag;1841.5
08.01.2019;Dienstag;564.5
09.01.2019;Mittwoch;683
10.01.2019;Donnerstag;459
11.01.2019;Freitag;859.5
12.01.2019;Samstag;637
13.01.2019;Sonntag;1974.5
14.01.2019;Montag;2283
15.01.2019;Dienstag;195.5
16.01.2019;Mittwoch;578
17.01.2019;Donnerstag;385
18.01.2019;Freitag;539
19.01.2019;Samstag;950
20.01.2019;Sonntag;1710.5
21.01.2019;Montag;2042.5
22.01.2019;Dienstag;316
23.01.2019;Mittwoch;538
24.01.2019;Donnerstag;444.5
25.01.2019;Freitag;681.5
26.01.2019;Samstag;2373.5
27.01.2019;Sonntag;2060.5
28.01.2019;Montag;2683
29.01.2019;Dienstag;589.5
30.01.2019;Mittwoch;727.5
31.01.2019;Donnerstag;674.5
01.02.2019;Freitag;498
02.02.2019;Samstag;1773
03.02.2019;Sonntag;2970
04.02.2019;Montag;2184
05.02.2019;Dienstag;583.5
06.02.2019;Mittwoch;1065
07.02.2019;Donnerstag;988.5
08.02.2019;Freitag;530.5
09.02.2019;Samstag;1858
10.02.2019;Sonntag;2842.5
11.02.2019;Montag;3164
12.02.2019;Dienstag;1306.5
13.02.2019;Mittwoch;1089.5
14.02.2019;Donnerstag;1878
15.02.2019;Freitag;898.5
16.02.2019;Samstag;1700
17.02.2019;Sonntag;1701
18.02.2019;Montag;1295.5
19.02.2019;Dienstag;719.5
20.02.2019;Mittwoch;1363.5
21.02.2019;Donnerstag;1120
22.02.2019;Freitag;940
23.02.2019;Samstag;1857.5
24.02.2019;Sonntag;2344
25.02.2019;Montag;1395
26.02.2019;Dienstag;410.5
27.02.2019;Mittwoch;975.5
28.02.2019;Donnerstag;736.5
01.03.2019;Freitag;1198.5
02.03.2019;Samstag;1694.5
03.03.2019;Sonntag;2990.5
04.03.2019;Montag;3673.5
05.03.2019;Dienstag;1710.5
06.03.2019;Mittwoch;1637
07.03.2019;Donnerstag;1881
08.03.2019;Freitag;1993.5
09.03.2019;Samstag;2422.5
10.03.2019;Sonntag;4163.9
11.03.2019;Montag;1870.5
12.03.2019;Dienstag;1093.5
13.03.2019;Mittwoch;1614.5
14.03.2019;Donnerstag;1350
15.03.2019;Freitag;1469.5
16.03.2019;Samstag;3289.5
17.03.2019;Sonntag;2404
18.03.2019;Montag;2359.5
19.03.2019;Dienstag;1368.5
20.03.2019;Mittwoch;1403.5
21.03.2019;Donnerstag;1701
22.03.2019;Freitag;1077
23.03.2019;Samstag;3447
24.03.2019;Sonntag;2304.5
25.03.2019;Montag;1445
26.03.2019;Dienstag;2065.5
27.03.2019;Mittwoch;1904.5
28.03.2019;Donnerstag;2194
29.03.2019;Freitag;1268.5
30.03.2019;Samstag;4579.5
31.03.2019;Sonntag;1659.5
01.04.2019;Montag;1164
02.04.2019;Dienstag;1595
03.04.2019;Mittwoch;1473.7
04.04.2019;Donnerstag;3179.6
05.04.2019;Freitag;1195.1
06.04.2019;Samstag;1316.5
07.04.2019;Sonntag;1899.5
08.04.2019;Montag;1049.5
09.04.2019;Dienstag;881.2
10.04.2019;Mittwoch;1608.1
11.04.2019;Donnerstag;1050
12.04.2019;Freitag;1616.5
13.04.2019;Samstag;1628.95
14.04.2019;Sonntag;2449.5
15.04.2019;Montag;3071.5
16.04.2019;Dienstag;1742.3
17.04.2019;Mittwoch;1939
18.04.2019;Donnerstag;1212.9
19.04.2019;Freitag;1261
20.04.2019;Samstag;1472.7
21.04.2019;Sonntag;2642
22.04.2019;Montag;1607.5
23.04.2019;Dienstag;884.5
24.04.2019;Mittwoch;924
25.04.2019;Donnerstag;1280.5
26.04.2019;Freitag;1532.5
27.04.2019;Samstag;2344.5
28.04.2019;Sonntag;1406.7
29.04.2019;Montag;2672.5
30.04.2019;Dienstag;1706
01.05.2019;Mittwoch;449.5
02.05.2019;Donnerstag;1586.5
03.05.2019;Freitag;4359.5
04.05.2019;Samstag;3109
05.05.2019;Sonntag;2816.5
06.05.2019;Montag;1755.8
07.05.2019;Dienstag;1129.5
08.05.2019;Mittwoch;1623.2
09.05.2019;Donnerstag;2432
10.05.2019;Freitag;2988.5
11.05.2019;Samstag;1601
12.05.2019;Sonntag;2079.9
13.05.2019;Montag;2019.2
14.05.2019;Dienstag;753
15.05.2019;Mittwoch;1721.5
16.05.2019;Donnerstag;1919.8
17.05.2019;Freitag;2332.7
18.05.2019;Samstag;2317.3
19.05.2019;Sonntag;3180
20.05.2019;Montag;4158.5
21.05.2019;Dienstag;978
22.05.2019;Mittwoch;2742.5
23.05.2019;Donnerstag;2609.2
24.05.2019;Freitag;2280.6
25.05.2019;Samstag;1221
26.05.2019;Sonntag;3091.5
27.05.2019;Montag;2528
28.05.2019;Dienstag;1785.5
29.05.2019;Mittwoch;3610
30.05.2019;Donnerstag;1687.5
31.05.2019;Freitag;3884
01.06.2019;Samstag;3526.5
02.06.2019;Sonntag;3498.3
03.06.2019;Montag;1005.6
04.06.2019;Dienstag;2033.2
05.06.2019;Mittwoch;1670
06.06.2019;Donnerstag;1993.9
07.06.2019;Freitag;2278.7
08.06.2019;Samstag;1247.5
09.06.2019;Sonntag;2212
10.06.2019;Montag;2878
11.06.2019;Dienstag;3099.6
12.06.2019;Mittwoch;2207
13.06.2019;Donnerstag;2463
14.06.2019;Freitag;1344.5
15.06.2019;Samstag;1929.8
16.06.2019;Sonntag;4293.5
17.06.2019;Montag;1391
18.06.2019;Dienstag;1814.5
19.06.2019;Mittwoch;2688.66
20.06.2019;Donnerstag;2360.9
21.06.2019;Freitag;3779.5
22.06.2019;Samstag;2664.3
23.06.2019;Sonntag;2505.2
24.06.2019;Montag;2093.6
25.06.2019;Dienstag;1352
26.06.2019;Mittwoch;2249.1
27.06.2019;Donnerstag;2615
28.06.2019;Freitag;1737.5
29.06.2019;Samstag;2101.9
30.06.2019;Sonntag;2227.1
01.07.2019;Montag;1034.25
02.07.2019;Dienstag;1328.5
03.07.2019;Mittwoch;2356.5
04.07.2019;Donnerstag;1814
05.07.2019;Freitag;1858.25
06.07.2019;Samstag;2406.65
07.07.2019;Sonntag;3721.75
08.07.2019;Montag;3141.37
09.07.2019;Dienstag;2794.95
10.07.2019;Mittwoch;2574.5
11.07.2019;Donnerstag;1942.25
12.07.2019;Freitag;1916
13.07.2019;Samstag;3316.5
14.07.2019;Sonntag;2534.5
15.07.2019;Montag;3098
16.07.2019;Dienstag;3064.5
17.07.2019;Mittwoch;2389
18.07.2019;Donnerstag;3427.25
19.07.2019;Freitag;2011.5
20.07.2019;Samstag;2213.2
21.07.2019;Sonntag;2129
22.07.2019;Montag;2284.5
23.07.2019;Dienstag;4174.2
24.07.2019;Mittwoch;2195
25.07.2019;Donnerstag;2491.75
26.07.2019;Freitag;2269
27.07.2019;Samstag;1484
28.07.2019;Sonntag;2243.95
29.07.2019;Montag;2334
30.07.2019;Dienstag;2643
31.07.2019;Mittwoch;3485.5
01.08.2019;Donnerstag;4460.3
02.08.2019;Freitag;2418.1
03.08.2019;Samstag;3087
04.08.2019;Sonntag;2279.5
05.08.2019;Montag;2030
06.08.2019;Dienstag;2511.5
07.08.2019;Mittwoch;2162
08.08.2019;Donnerstag;4815
09.08.2019;Freitag;3323.5
10.08.2019;Samstag;1922.5
11.08.2019;Sonntag;2649.7
12.08.2019;Montag;2059
13.08.2019;Dienstag;1509.5
14.08.2019;Mittwoch;3760
15.08.2019;Donnerstag;2742.55
16.08.2019;Freitag;5487
17.08.2019;Samstag;2398.6
18.08.2019;Sonntag;4189
19.08.2019;Montag;5254.25
20.08.2019;Dienstag;2577.5
21.08.2019;Mittwoch;2811.5
22.08.2019;Donnerstag;3404
23.08.2019;Freitag;3063.8
24.08.2019;Samstag;3912
25.08.2019;Sonntag;2559.25
26.08.2019;Montag;1981.5
27.08.2019;Dienstag;1529.6
28.08.2019;Mittwoch;2287
29.08.2019;Donnerstag;2143.9
30.08.2019;Freitag;3508
31.08.2019;Samstag;2241.3
01.09.2019;Sonntag;2089.9
02.09.2019;Montag;2073.5
03.09.2019;Dienstag;1842
04.09.2019;Mittwoch;3683
05.09.2019;Donnerstag;2690.4
06.09.2019;Freitag;1993.4
07.09.2019;Samstag;2666.5
08.09.2019;Sonntag;2840
09.09.2019;Montag;1968.6
10.09.2019;Dienstag;2641.5
11.09.2019;Mittwoch;2610.84
12.09.2019;Donnerstag;2419.5
13.09.2019;Freitag;2587.5
14.09.2019;Samstag;2010.5
15.09.2019;Sonntag;2711.25
16.09.2019;Montag;3491.5
17.09.2019;Dienstag;1949.75
18.09.2019;Mittwoch;3074.9
19.09.2019;Donnerstag;3141.6
20.09.2019;Freitag;3991.2
21.09.2019;Samstag;2884.2
22.09.2019;Sonntag;2327
23.09.2019;Montag;1417.5
24.09.2019;Dienstag;1817.9
25.09.2019;Mittwoch;2693
26.09.2019;Donnerstag;2932.5
27.09.2019;Freitag;2579
28.09.2019;Samstag;1642.5
29.09.2019;Sonntag;3599.2
30.09.2019;Montag;3256.5
01.10.2019;Dienstag;2188.5
02.10.2019;Mittwoch;3012
03.10.2019;Donnerstag;923
04.10.2019;Freitag;2649.5
05.10.2019;Samstag;4190
06.10.2019;Sonntag;3543.5
07.10.2019;Montag;1515
08.10.2019;Dienstag;1053.5
09.10.2019;Mittwoch;2187.5
10.10.2019;Donnerstag;1938.5
11.10.2019;Freitag;1524.5
12.10.2019;Samstag;1930
13.10.2019;Sonntag;2405.5
14.10.2019;Montag;1706
15.10.2019;Dienstag;973.5
16.10.2019;Mittwoch;1679
17.10.2019;Donnerstag;2453
18.10.2019;Freitag;1828.5
19.10.2019;Samstag;958.5
20.10.2019;Sonntag;2407
21.10.2019;Montag;2047.5
22.10.2019;Dienstag;749.5
23.10.2019;Mittwoch;1147.5
24.10.2019;Donnerstag;996.7
25.10.2019;Freitag;1264.5
26.10.2019;Samstag;890
27.10.2019;Sonntag;2557.5
28.10.2019;Montag;1250
29.10.2019;Dienstag;1036.1
30.10.2019;Mittwoch;1385
31.10.2019;Donnerstag;2186.5
01.11.2019;Freitag;1311
02.11.2019;Samstag;1655
03.11.2019;Sonntag;3856
04.11.2019;Montag;2091.1
05.11.2019;Dienstag;1066.5
06.11.2019;Mittwoch;1235.5
07.11.2019;Donnerstag;1140.4
08.11.2019;Freitag;607.5
09.11.2019;Samstag;1105
10.11.2019;Sonntag;2038
11.11.2019;Montag;1575
12.11.2019;Dienstag;654.5
13.11.2019;Mittwoch;501
14.11.2019;Donnerstag;817.5
15.11.2019;Freitag;1412
16.11.2019;Samstag;1093.5
17.11.2019;Sonntag;3430.5
18.11.2019;Montag;1974.5
19.11.2019;Dienstag;758.5
20.11.2019;Mittwoch;1060.5
21.11.2019;Donnerstag;769.5
22.11.2019;Freitag;553
23.11.2019;Samstag;1359.5
24.11.2019;Sonntag;1777
25.11.2019;Montag;1725.5
26.11.2019;Dienstag;611.5
27.11.2019;Mittwoch;834
28.11.2019;Donnerstag;1303.5
29.11.2019;Freitag;2092
30.11.2019;Samstag;1667.5
01.12.2019;Sonntag;3263
02.12.2019;Montag;1780.5
03.12.2019;Dienstag;1326.9
04.12.2019;Mittwoch;2106
05.12.2019;Donnerstag;1345
06.12.2019;Freitag;2305.7
07.12.2019;Samstag;2592
08.12.2019;Sonntag;2370
09.12.2019;Montag;1957.5
10.12.2019;Dienstag;1919.5
11.12.2019;Mittwoch;990.5
12.12.2019;Donnerstag;2047
13.12.2019;Freitag;2388
14.12.2019;Samstag;2013.5
15.12.2019;Sonntag;2125.5
16.12.2019;Montag;1712.3
17.12.2019;Dienstag;1173
18.12.2019;Mittwoch;2365.5
19.12.2019;Donnerstag;2311.5
20.12.2019;Freitag;3073.5
21.12.2019;Samstag;1439
22.12.2019;Sonntag;1505.5
23.12.2019;Montag;1544.25
25.12.2019;Mittwoch;905
26.12.2019;Donnerstag;2537.3
27.12.2019;Freitag;1449.5
28.12.2019;Samstag;2087
29.12.2019;Sonntag;2856.25
30.12.2019;Montag;2732.5
31.12.2019;Dienstag;3083.5
01.01.2020;Mittwoch;2053.04
02.01.2020;Donnerstag;996
03.01.2020;Freitag;2191
04.01.2020;Samstag;2576.25
05.01.2020;Sonntag;2643.5
06.01.2020;Montag;1799
07.01.2020;Dienstag;842.5
08.01.2020;Mittwoch;434
09.01.2020;Donnerstag;367
10.01.2020;Freitag;671
11.01.2020;Samstag;1085
12.01.2020;Sonntag;1547.5
13.01.2020;Montag;2054
14.01.2020;Dienstag;422
15.01.2020;Mittwoch;499.5
16.01.2020;Donnerstag;273
17.01.2020;Freitag;181
18.01.2020;Samstag;760
19.01.2020;Sonntag;1980
20.01.2020;Montag;955
21.01.2020;Dienstag;254
22.01.2020;Mittwoch;698
23.01.2020;Donnerstag;488
24.01.2020;Freitag;648
25.01.2020;Samstag;1829
26.01.2020;Sonntag;2075.5
27.01.2020;Montag;1836
28.01.2020;Dienstag;800
29.01.2020;Mittwoch;468
30.01.2020;Donnerstag;1372
31.01.2020;Freitag;998
01.02.2020;Samstag;1678.5
02.02.2020;Sonntag;2677
03.02.2020;Montag;2385.5
04.02.2020;Dienstag;516
05.02.2020;Mittwoch;891
06.02.2020;Donnerstag;454.5
07.02.2020;Freitag;1871
08.02.2020;Samstag;1966.5
09.02.2020;Sonntag;1951
10.02.2020;Montag;1050
11.02.2020;Dienstag;983
12.02.2020;Mittwoch;1015
13.02.2020;Donnerstag;1316.5
14.02.2020;Freitag;1459
15.02.2020;Samstag;2517.5
16.02.2020;Sonntag;2246.5
17.02.2020;Montag;2520
18.02.2020;Dienstag;493
19.02.2020;Mittwoch;1181
20.02.2020;Donnerstag;628
21.02.2020;Freitag;1130
22.02.2020;Samstag;2324
23.02.2020;Sonntag;3051
24.02.2020;Montag;3048
25.02.2020;Dienstag;946
26.02.2020;Mittwoch;892
27.02.2020;Donnerstag;830
28.02.2020;Freitag;988
29.02.2020;Samstag;2142
01.03.2020;Sonntag;2265
02.03.2020;Montag;1463.5
03.03.2020;Dienstag;289
04.03.2020;Mittwoch;1704
05.03.2020;Donnerstag;758
06.03.2020;Freitag;816.5
07.03.2020;Samstag;1651
08.03.2020;Sonntag;1498
09.03.2020;Montag;1328
10.03.2020;Dienstag;880
11.03.2020;Mittwoch;715
12.03.2020;Donnerstag;502
13.03.2020;Freitag;712
14.03.2020;Samstag;1589
