Datum;Tmax;Tmittel;Tmin;Tminboden;Niederschlag_mm;Sonnenstunden;Wind_bft
2020-06-26;29.3;23.4;16.3;13.8;0;13.883;5
2020-06-25;27;21.2;13.9;10.2;0;11.067;6
2020-06-24;24.6;18.4;9.2;5.4;0;13.567;5
2020-06-23;24;16.8;7.7;2.9;0;15.483;6
2020-06-22;24.1;18.6;10;5;0;11.450;6
2020-06-21;23.8;17.9;11.3;9.4;0;13.650;4
2020-06-20;21.3;17.3;13.7;12.3;0;1.417;6
2020-06-19;17.9;16.8;15.4;14.8;3;0;4
2020-06-18;23.5;18.5;13;10.6;0.4;11.883;4
2020-06-17;26.5;20.2;11.8;9.4;0;14.683;5
2020-06-16;25.8;18.5;8.5;5.6;0;14.383;4
2020-06-15;23.1;17.4;10.9;7.1;0;15.683;5
2020-06-14;23.1;17.2;12.9;10.6;0;6.283;6
2020-06-13;18.6;15.9;14.4;14.1;20.7;0.167;5
2020-06-12;22.1;16.9;13.7;13.7;2.1;5.200;5
2020-06-11;19;15.5;13.9;13.8;1.4;0.767;5
2020-06-10;20.3;15.8;9;5.1;0.2;8.067;5
2020-06-09;19.1;14.3;8.9;5.5;0;7.683;5
2020-06-08;19;13.2;5.7;1.5;0;5.467;3
2020-06-07;19.1;13.5;7.6;3.3;0;8.717;5
2020-06-06;17;11.4;6.9;4.7;0.4;9.067;6
2020-06-05;17.5;12;8.3;7.1;3.9;4.617;6
2020-06-04;22;14.6;11.1;10.4;9.7;1.017;6
2020-06-03;25.3;17.4;8.2;5.1;0.8;8.833;5
2020-06-02;26.4;17.6;6.5;2.4;0;14.967;4
2020-06-01;21.7;15.6;7.5;1.1;0;15.350;6
2020-05-31;19.2;14.1;7.1;3.1;0;10.650;6
2020-05-30;20.7;13.8;4.6;0.4;0;12.100;5
2020-05-29;21.4;13.2;4;0.1;0;15.100;5
2020-05-28;18.9;12.8;5.9;1.7;0;14.417;5
2020-05-27;20.8;14.3;6.4;3.2;0;9.067;6
2020-05-26;20.4;13.3;7.4;3.1;0;5.767;3
2020-05-25;16.1;12.8;9.7;7.5;0;0.683;6
2020-05-24;16.6;12.3;8.5;7.2;0;3.167;7
2020-05-23;17.2;13.4;8.5;6.5;3.5;3.683;6
2020-05-22;20.5;15.2;9.4;7.6;6.1;1.567;5
2020-05-21;21.2;14.4;7.7;5.9;0;9.083;4
2020-05-20;18.8;12.2;3.2;-1.8;0;11.767;5
2020-05-19;19.2;13.7;6;1;0;2.433;6
2020-05-18;16.8;13.7;10.7;9.6;0;0;6
2020-05-17;17.6;12.1;5.8;4.2;0;5.883;6
2020-05-16;16;10.8;5.2;3.4;0;6.367;6
2020-05-15;12.6;7.3;0.3;-3.8;0.6;4.267;6
2020-05-14;12.8;7.3;1;-2.3;0;10.000;5
2020-05-13;10;6.8;2.5;-0.2;1.5;2.700;5
2020-05-12;11.2;6.5;0.8;-2.7;3.1;6.733;6
2020-05-11;10.8;7.2;2.7;-1.1;0.4;7.033;7
2020-05-10;24.1;15.7;7.8;6.5;1.4;8.333;6
2020-05-09;21.5;14;5.1;2.2;0;10.167;4
2020-05-08;19.7;10.9;1.6;-2;0;11.417;4
2020-05-07;16.1;10.9;4;-0.2;0;9.983;5
2020-05-06;15.4;9.2;0.8;-4;0;13.767;6
2020-05-05;13.7;7.6;2.2;-2.4;0;8.917;6
2020-05-04;15.1;9;3.9;0;0;9.833;5
2020-05-03;14.6;10;5.8;3.8;0;1.817;5
2020-05-02;13.3;9.5;6.6;5.2;0.3;2.183;6
2020-05-01;14.5;9.6;6.5;3.8;4.8;3.833;6
2020-04-30;15;10.6;6.9;5.4;24.3;3.017;7
2020-04-29;13.1;9.6;4.4;1.5;0.8;0.05;4
2020-04-28;15.1;10.7;7.6;5.5;1.2;5.983;5
2020-04-27;20.2;11.1;-0.9;-4.2;0;11.150;4
2020-04-26;13.2;7.4;1;-3.5;0;8.200;5
2020-04-25;16.4;10;4.4;-1.4;0;7.400;5
2020-04-24;19.4;11.6;5.6;1.7;0;13.317;6
2020-04-23;20.7;11.8;0.8;-3.9;0;13.267;4
2020-04-22;15.8;9.8;3;-1.8;0;13.383;6
2020-04-21;16.6;10.3;3.3;0.6;0;13.283;7
2020-04-20;15.8;8.5;-0.6;-7.1;0;13.250;6
2020-04-19;13.1;7.7;-0.1;-6.4;0;12.917;7
2020-04-18;14.6;7.7;-1.3;-4.7;0;12.567;6
2020-04-17;14.3;7.3;0.4;-4;0;11.367;4
2020-04-16;16.9;9.3;2.6;-1.7;0;8.450;5
2020-04-15;15.1;9.3;4.4;1.8;0;9.117;6
2020-04-14;10.5;5.3;-1.3;-6.5;0;7.517;6
2020-04-13;10.8;6.4;0.7;-2;0;9.817;7
2020-04-12;21.9;13.1;3;-2.1;0;12.583;5
2020-04-11;16.2;9;-0.8;-5;0;11.867;4
2020-04-10;12.5;6.3;-0.4;-6.5;0;11.900;4
2020-04-09;15.7;9.9;4.3;-3.6;0;5.967;5
2020-04-08;21.9;12.5;1;-3.9;0;10.917;5
2020-04-07;17.7;11;2.3;-3.4;0;10.800;5
2020-04-06;21.8;13.5;5.9;1.6;0;12.350;5
2020-04-05;16.6;10;-1.1;-5.2;0;12.100;5
2020-04-04;13.5;5.7;-1.6;-7;0;4.867;5
2020-04-03;9.5;5.4;-0.2;-5;0.2;6.567;6
2020-04-02;10;7.2;5.1;3.5;0.8;1.117;7
2020-04-01;8.2;4.6;-1;-3.5;0.3;0.217;6
2020-03-31;7.8;1.8;-4.8;-7.8;0;5.867;4
2020-03-30;8;2.1;-3.1;-6.5;1.1;4.117;5
2020-03-29;5.1;2.5;-2.5;-7.2;2.9;4.700;8
2020-03-28;12.4;6.4;-1.7;-6;1.9;11.017;6
2020-03-27;12.6;5.4;-3;-7.4;0;11.517;5
2020-03-26;10.6;3.8;-3.9;-9.2;0;11.483;6
2020-03-25;10.9;4;-1.9;-7.4;0;10.983;4
2020-03-24;8.2;3.2;-2;-8.3;0;9.600;5
2020-03-23;7;1.7;-3.8;-7.7;0;11.317;5
2020-03-22;7.1;1;-5;-8.8;0;7.450;6
2020-03-21;7.3;3.2;-4.5;-8.2;0;7.967;6
2020-03-20;8.9;5.7;2.6;-0.3;0;0.167;6
2020-03-19;10.8;6.9;3;-0.6;0;2.100;4
2020-03-18;12.7;9.8;6.4;4.4;2.2;0.417;5
2020-03-17;13;6.9;-1.6;-4.5;0;4.867;6
2020-03-16;12.5;8.1;0.5;-3.4;0;6.150;5
2020-03-15;13.9;8.5;2.3;0.5;0;5.300;6
2020-03-14;7.8;2.8;-4.6;-7.3;0;9.850;5
2020-03-13;8.8;5.2;-0.1;-3.8;2.7;3.700;8
2020-03-12;10.9;7.9;4.1;2.6;0.9;4.167;9
2020-03-11;12.3;9.2;6.3;5;1.5;7.017;7
2020-03-10;11.4;7.6;4.7;3.7;12.5;0;7
2020-03-09;11.3;7.6;4.4;2.5;2.7;1.467;6
2020-03-08;12.2;7.7;3.6;2;0.7;1.517;6
2020-03-07;8.5;4;-0.2;-3.7;0;5.017;5
2020-03-06;5.6;4.3;3.4;2.7;2.1;0;5
2020-03-05;9.5;4.2;-2.7;-4;0.3;4.533;4
2020-03-04;7.5;3.4;-0.4;-4;0;0.8;4
2020-03-03;8;5.1;1.1;-1.2;3.9;0.383;5
2020-03-02;9.5;5.9;3;1.1;1.1;6.283;4
2020-03-01;9.4;5.7;1.8;0.4;0.3;2.917;7
2020-02-29;11.4;6.5;1.5;1;4;2.800;7
2020-02-28;8.4;4.5;1.2;-0.1;5.1;6.083;7
2020-02-27;5.7;2.9;-0.1;-0.7;0;1.167;5
2020-02-26;6;2.9;-0.3;-2.5;3.5;1.150;5
2020-02-25;9.6;5.9;2.3;0.8;0.6;2.050;8
2020-02-24;9.6;4.9;0.4;0;12.6;0;7
2020-02-23;7.2;5.1;3;1.6;8.4;0;8
2020-02-22;9.1;7.6;4.9;3.7;8.9;0;9
2020-02-21;7.7;5.6;2.9;2.3;0.8;0.467;7
2020-02-20;8.2;5.3;1.7;-0.1;6.4;0;7
2020-02-19;7.9;5.7;3.1;1.5;1.4;3.533;6
2020-02-18;8.4;6.3;4.8;4;1.3;1.850;8
2020-02-17;10.3;8.1;5.6;4.2;1;5.500;7
2020-02-16;17.3;12.1;7.9;7.4;3.8;0;8
2020-02-15;10.5;7.6;4.6;3.4;0;4.317;6
2020-02-14;5.8;4;2.5;2.2;0.1;0;4
2020-02-13;4.7;2.6;1;-0.3;5.5;0.783;6
2020-02-12;5.3;3;0.8;0.1;4.7;0.933;8
2020-02-11;5.1;3.2;0.6;0;21.5;0.1;8
2020-02-10;8.8;6.3;2.1;1.4;10.7;1.167;9
2020-02-09;12.6;9;5.6;3.9;15;0;8
2020-02-08;7.6;5.1;1;-0.6;0;4.100;5
2020-02-07;6.4;5.4;4.8;4.4;0.1;0;5
2020-02-06;7.6;5.6;3.6;2.1;0.3;0.117;5
2020-02-05;6.5;3.2;-1.1;-3.5;0;7.767;6
2020-02-04;7.4;4.7;2.9;1.3;0.6;2.883;7
2020-02-03;8.8;6.6;4.4;3.2;3.6;0;6
2020-02-02;7.9;6;4.4;2.8;0.9;0;7
2020-02-01;12.3;10.4;7;6;2.9;0;7
2020-01-31;12;9.5;8;7.4;1.6;0.2;7
2020-01-30;8.2;6.4;3.7;2.9;4.3;0;7
2020-01-29;4.6;3.2;0.3;0;23.3;0;6
2020-01-28;7;4.8;0.4;0;4.6;0.017;6
2020-01-27;7.6;5.2;2.1;0.2;3.6;0;5
2020-01-26;2.9;1.7;0.4;0.5;0;0;4
2020-01-25;4.1;3;2.2;2.1;0;0;4
2020-01-24;2.9;2;1;0.3;0;0;4
2020-01-23;6.2;4.7;1.2;-2.4;0;0.017;5
2020-01-22;7.6;5.5;2.8;-1.9;0.1;1.283;5
2020-01-21;5.3;4.6;3.6;3.2;0;0;6
2020-01-20;7.5;4.2;-0.7;-4;0;0.017;5
2020-01-19;6.6;2.7;-1;-5.4;0;5.650;4
2020-01-18;8;5.2;2.3;0.3;0;0.067;6
2020-01-17;9.4;6.8;4.5;2.2;0.7;6.117;5
2020-01-16;8.3;6.1;4;0.7;0;4.700;5
2020-01-15;13.8;11.5;5.8;4;0.7;4.383;6
2020-01-14;11.9;8.4;4.5;3.2;2.1;0;6
2020-01-13;7.7;5.7;3.9;1.9;1;0.5;5
2020-01-12;8.3;6.2;4.9;4.4;3.4;0;6
2020-01-11;6.2;4.4;1.6;-1.4;0;1.500;6
2020-01-10;11.2;8.2;4.3;3.5;1.8;0.55;6
2020-01-09;11.2;9;4.8;3.1;8.6;0;5
2020-01-08;10.2;8.1;6.4;5.2;0.8;0;5
2020-01-07;8;5.1;1;-0.4;0.1;0.417;5
2020-01-06;6.2;5;1.7;-0.7;0.9;0;4
2020-01-05;5.9;2.4;-2;-5.9;0.2;0.067;4
2020-01-04;6.9;4.4;0.2;-3.1;4.6;1.633;7
2020-01-03;7.9;5.3;2.7;2.1;6.6;0;5
2020-01-02;2.7;-0.4;-2.1;-2.1;0;3.467;4
2020-01-01;4.6;0.9;-5.3;-8.2;0;1.300;5
2019-12-31;8.2;5.2;1;-3;0;5.133;6
2019-12-30;8.6;5.9;2.8;-0.1;0;2.283;6
2019-12-29;3;0.1;-2.5;-5.2;0;0.15;4
2019-12-28;1.2;0.1;-1.6;-3.8;0;0.15;3
2019-12-27;3.6;2;-1.4;-4.8;0.4;0;4
2019-12-26;6.8;5;3.3;1.2;0.1;0.783;4
2019-12-25;6.2;4.8;3.7;2.4;1.6;0;4
2019-12-24;7;5.7;3.5;2;5.4;0.05;4
2019-12-23;8.1;6.7;4.8;4.3;0.9;0.083;5
2019-12-22;4.8;3.4;1.8;-0.2;2.8;0;4
2019-12-21;9;6.8;3.5;1.3;0;5.083;4
2019-12-20;9.7;7.1;4.3;3.6;1.9;2.467;6
2019-12-19;9.4;6.2;2.4;-1.1;0;5.033;5
2019-12-18;10.6;6.2;-0.2;-2.5;0;1.333;6
2019-12-17;12.6;9.3;5.6;4.3;4.6;3.183;5
2019-12-16;7.3;5.7;3.6;1.3;0;0.3;4
2019-12-15;9.2;6;2;0.6;1.5;3.083;8
2019-12-14;5.9;3.9;0.5;0;0.8;0.05;6
2019-12-13;3.5;1.5;-1;-3.6;1.9;4.817;5
2019-12-12;5.1;4;2.4;0.7;0.4;0;4
2019-12-11;4.8;4.2;3.5;2.2;7.1;0;5
2019-12-10;6.1;3.3;0.8;-2.7;0.7;4.267;5
2019-12-09;8;6.1;3.7;2;0.3;0.533;6
2019-12-08;10.4;8.4;5.6;4.3;2.5;0;7
2019-12-07;9.1;8.3;7.3;6.9;0.6;0.067;6
2019-12-06;7.7;5.5;2.3;1.8;4.8;0;6
2019-12-05;5;2.3;-1.2;-4.5;0.1;6.067;5
2019-12-04;6.8;5.4;2.2;0.7;0;0;5
2019-12-03;7.1;3.8;-2.7;-5;0.3;0;5
2019-12-02;6;3;-1;-3.7;0.1;2.900;4
2019-12-01;3;1.8;-0.2;-3.3;0.5;0;4
2019-11-30;6.2;1.6;-3;-6.1;0;6.417;4
2019-11-29;6.8;3.5;-2.7;-6.2;0;3.950;7
2019-11-28;10;8.8;6.6;5.3;4.9;0;6
2019-11-27;8.1;7.6;7;6;2;0;4
2019-11-26;7.7;6;4.8;4.7;0;0;4
2019-11-25;5.9;5;4.3;4.3;0.1;0;4
2019-11-24;4.8;4.2;3.6;3.7;0;0;5
2019-11-23;8.3;6.5;4.1;3;0;0.167;5
2019-11-22;8.5;7.1;5.9;4.8;0;0.033;4
2019-11-21;8.4;5.1;-0.8;-2.9;2.2;0;4
2019-11-20;5;3.9;1;-1.7;2.2;0;3
2019-11-19;8.9;6.6;3.8;1.2;0.8;0.283;6
2019-11-18;8.2;7.2;5.8;5.3;3.6;0;4
2019-11-17;8.1;4.1;-0.3;-2.6;0;0.317;5
2019-11-16;7.3;5.9;2.9;1.1;12.9;0;6
2019-11-15;7.4;4.9;1.7;0.1;0;0;6
2019-11-14;7.5;3.3;0.1;-3.4;0;6.000;4
2019-11-13;6;3.8;0.5;-2;0;2.267;4
2019-11-12;8;5.2;2.1;-1;0;2.033;5
2019-11-11;3.3;1.5;-1.9;-4.2;0;0.317;5
2019-11-10;7.9;3.2;-1.9;-4;0;7.433;3
2019-11-09;7.7;4.8;0;-1.4;0.9;0;3
2019-11-08;8.9;5.7;2;0;0.3;3.683;3
2019-11-07;8.5;5.5;2.5;1.2;1.4;0;4
2019-11-06;7.6;6.3;4.3;3.1;1.8;0;3
2019-11-05;10.4;7.9;5.2;3.9;5.3;0;4
2019-11-04;11.7;9.5;5.1;3.8;8.4;0.017;5
2019-11-03;13.6;10.1;6.9;4.6;1.4;1.883;3
2019-11-02;14.4;10;5.6;5.4;6.3;0.283;4
2019-11-01;5.8;2.3;-3.5;-6.9;5.9;1.217;5
2019-10-31;7.5;0;-4.4;-6.3;0;7.567;3
2019-10-30;9.1;1.3;-3.7;-6.4;0;8.417;2
2019-10-29;10.3;4;-1.6;-4.8;0;7.117;5
2019-10-28;12.7;8;3.6;0.1;3.7;5.600;5
2019-10-27;17.3;11.4;8;6.3;0.1;3.717;7
2019-10-26;18.3;15.7;12.3;10.9;0.5;3.783;6
2019-10-25;15.3;13.6;12.2;10.6;0;1.533;5
2019-10-24;14.2;12.4;9.2;6.4;0;0.117;5
2019-10-23;14.2;11;8.1;5.3;0;3.700;4
2019-10-22;14.5;11.5;9.1;6.2;0;1.233;4
2019-10-21;14.8;12.4;9.1;5.9;0.6;0;5
2019-10-20;14.5;11.6;9.2;7.7;13;0.083;5
2019-10-19;15;12.1;8.2;6.9;1;1.700;5
2019-10-18;17.6;13.4;9.9;8.4;3.4;2.233;6
2019-10-17;16.4;13.4;11.5;10.5;2.3;0.217;4
2019-10-16;14.8;12.7;8.8;6.5;6.2;0.8;4
2019-10-15;20.6;14;8.4;6.1;5.6;6.967;3
2019-10-14;16.9;14.6;11.5;10;0;4.150;6
2019-10-13;19.9;14.8;10.5;10.3;2.4;0.4;5
2019-10-12;16;12.6;10.5;10.3;2.5;0;6
2019-10-11;15.3;13.1;9.7;8.6;2.4;0.017;6
2019-10-10;13.9;10.2;7.9;6.4;3;4.317;6
2019-10-09;14.8;11.4;8.7;7.5;0.1;1.267;5
2019-10-08;16.1;11.1;7.1;6.5;2.9;1.017;5
2019-10-07;11.9;5.4;-2.2;-4.8;1.8;7.117;3
2019-10-06;11;4.7;-0.9;-3.5;0;3.700;4
2019-10-05;12.4;8;1.7;-0.7;1.4;3.300;5
2019-10-04;9.9;8.5;7.3;5.3;4.9;0;4
2019-10-03;12.3;8.8;6.4;2.6;0.3;1.050;5
2019-10-02;13.5;9.6;5.7;2.2;1.6;8.350;6
2019-10-01;11.8;10.2;7.4;5.9;10.9;0;5
2019-09-30;15.8;13.6;10.9;10.1;7;2.550;8
2019-09-29;15.4;13.8;13.2;11.9;16.2;0;4
2019-09-28;18.7;15.2;13.3;12;1.9;3.700;5
2019-09-27;18.4;15.6;13.2;10.8;0.3;2.117;4
2019-09-26;17.6;14.6;11.5;9.5;8.7;0;4
2019-09-25;16;13.9;10.5;8.4;1.2;0;2
2019-09-24;20.3;16.1;13.9;11.2;0;2.233;3
2019-09-23;22.2;15.3;6.8;2.9;0;9.883;4
2019-09-22;24.1;14.8;4.1;2.4;0;10.983;4
2019-09-21;21.2;14.7;7.9;4;0;9.350;4
2019-09-20;16.3;12.1;6.4;3;0;0.067;4
2019-09-19;15.5;10.9;6.1;2.2;0;9.500;5
2019-09-18;15.3;11;7.2;5.4;0.3;5.383;6
2019-09-17;13.9;11;7.3;5.5;3.2;3.983;7
2019-09-16;16.2;11.9;7.8;4.3;0.6;3.933;5
2019-09-15;18.8;13.5;9.9;6.8;1.2;1.367;6
2019-09-14;18.7;12.1;5.2;2;0;9.933;4
2019-09-13;19.4;15.8;8.3;4.1;2.8;5.017;5
2019-09-12;21.3;16.3;12.2;8.5;1;5.417;5
2019-09-11;20.6;14.9;9.2;8;1.8;7.317;5
2019-09-10;18.3;14.4;12;11.6;0;2.083;6
2019-09-09;17.3;13.1;9.5;7.1;16.1;0.033;4
2019-09-08;19.9;12.8;5.5;3.4;0;5.867;4
2019-09-07;18.6;14;8.8;5.7;0.2;3.667;4
2019-09-06;17.8;13.7;8.2;6.9;0;6.567;5
2019-09-05;17.8;13.4;9;6.5;3.9;6.517;6
2019-09-04;21;16.2;12.4;11.2;1;1.317;5
2019-09-03;20.1;15.1;11.7;10.8;0.2;2.467;5
2019-09-02;20.1;14.2;9.2;5.5;1.7;8.950;5
2019-09-01;23.5;18.7;12;9.2;0;3.267;5
2019-08-31;30.8;22;11.5;9.3;0;12.467;5
2019-08-30;25.4;19.2;11.8;10.5;0;9.883;4
2019-08-29;24.7;19.9;15;12.3;2.8;4.033;5
2019-08-28;32.2;24.2;18.1;17;0;10.817;6
2019-08-27;31.2;22.4;16.6;14.8;3.4;6.417;7
2019-08-26;31.3;23.3;15.4;13.9;0;11.767;4
2019-08-25;29.1;21.1;11.5;9.4;0;7.650;4
2019-08-24;27.4;19.4;10.6;8;0;12.900;5
2019-08-23;26.1;18.2;9.9;7;0;12.433;4
2019-08-22;25.8;17.4;7.9;5.6;0;12.833;5
2019-08-21;21.3;15.6;10;7.3;0;10.000;
2019-08-20;22.5;16.7;10.5;8;7.6;7.733;4
2019-08-19;22;17.3;11.2;7.9;0;9.000;5
2019-08-18;20;17.5;14.3;12.8;0.2;1.050;5
2019-08-17;21.1;17.8;15;13.7;6;0.733;5
2019-08-16;21.2;17.5;15.1;12.8;0.4;3.867;5
2019-08-15;18.5;15.7;12.5;12;8.1;0.3;4
2019-08-14;20.7;15.1;9.5;8.5;1.4;6.850;5
2019-08-13;18.6;15;10.4;7.7;1.4;3.400;6
2019-08-12;23.9;18;13.9;10.3;1.2;9.850;5
2019-08-11;24.2;19.3;14.4;11.6;0;8.833;6
2019-08-10;24.2;20.1;16.1;13.8;3;5.167;7
2019-08-09;23.1;18;11.7;7.8;1.8;5.667;4
2019-08-08;23.3;16.9;12.8;10.1;9.3;7.550;7
2019-08-07;24;17.2;11.9;9.3;2.1;3.917;6
2019-08-06;25.4;19.8;13.4;10.3;0;6.950;5
2019-08-05;24.9;19.1;14.1;12.9;0;2.833;4
2019-08-04;21.2;17.1;12;9.4;0;0.667;4
2019-08-03;24.4;17.9;12.3;9.8;1;5.467;5
2019-08-02;23.7;17.9;12.3;10.8;0;5.817;4
2019-08-01;24.1;18.4;12.2;10.6;0.1;7.867;4
2019-07-31;23.9;18.1;14;11.6;21.4;3.950;6
2019-07-30;21.6;17.8;13.6;11.6;4.6;1.900;4
2019-07-29;28.2;21.3;17.2;14.3;7;2.800;5
2019-07-28;27.8;21.8;17.2;15.5;0;9.250;5
2019-07-27;28.3;21.9;16.7;14.9;0;12.300;7
2019-07-26;30.1;22.9;14.1;10.6;0;14.650;6
2019-07-25;34.5;25.4;16.2;14.1;0;12.350;5
2019-07-24;31.6;23.8;14.2;11.6;0;14.583;4
2019-07-23;29.9;22.4;13.4;10.6;0;14.600;4
2019-07-22;20.2;16.6;11.1;6.3;1;1.383;5
2019-07-21;23.7;18.6;12.3;8.9;0;9.233;6
2019-07-20;29.5;19.3;10.8;7.7;9;7.917;8
2019-07-19;24.7;18.7;12.2;8.7;0;6.300;5
2019-07-18;25.5;18.1;8.4;5.9;0;8.300;4
2019-07-17;20.2;15.1;10.1;6.4;0;4.017;3
2019-07-16;21.5;16.1;11.8;9.8;0;6.783;6
2019-07-15;17.3;14.5;12.8;12.5;0;0.167;6
2019-07-14;17;14.9;13.3;13.1;;0.05;4
2019-07-13;23.3;17.6;14.4;13.6;;4.717;5
2019-07-12;19.8;17;14.9;14.7;;0.85;4
2019-07-11;20.6;16.6;10.5;9.2;;0.383;4
2019-07-10;21.8;15.3;9.6;7.1;0;6.950;5
2019-07-09;19.8;14.1;9.7;6.9;0;4.117;5
2019-07-08;17;13.8;10.8;9.6;0.1;2.117;6
2019-07-07;17.4;13.6;11.6;10.6;0;0.65;6
2019-07-06;18.4;15.2;13.6;12.8;0.3;1.417;6
2019-07-05;20.1;16;13.2;13;1.1;1.183;6
2019-07-04;19.9;15;7.4;1.9;0.3;4.150;6
2019-07-03;18.9;13.9;7.9;3.5;0;6.150;6
2019-07-02;19;14.7;8.7;4.7;0.1;7.883;6
2019-07-01;25;18.1;12.7;8.2;1.4;10.117;7
2019-06-30;34.8;22.9;11.9;8.1;0;14.583;7
2019-06-29;29;20.3;10.1;4.8;0;15.650;4
2019-06-28;23.9;16.8;11;7.6;0;9.317;4
2019-06-27;19.9;15.6;11.5;8.2;0;6.450;6
2019-06-26;30.3;23;13.7;12.2;0;15.067;6
2019-06-25;31.9;24.3;13.3;9;0;14.233;5
2019-06-24;25.5;19.5;9.4;6.8;0;13.950;5
2019-06-23;24.2;17.6;9.1;5.7;0;14.483;5
2019-06-22;20.9;15.5;8.5;4.1;0;13.950;5
2019-06-21;21.7;16.9;11.3;7.1;0;7.600;5
2019-06-20;21.9;18.8;15.9;12.5;7.5;6.250;5
2019-06-19;30.6;22.3;14.7;11.7;1.1;11.433;6
2019-06-18;28.5;22.7;17.1;15.5;0;11.917;5
2019-06-17;24.9;19.3;12.2;9;0;14.300;4
2019-06-16;22.7;17.8;11.6;8.8;0.5;10.867;4
2019-06-15;22.5;18.1;14.7;13.2;29.8;0.95;6
2019-06-14;27.1;19.1;11.2;7.8;2.2;9.250;5
2019-06-13;23.4;17.2;12.2;9;2.2;7.600;5
2019-06-12;21.8;16.9;13.5;12.4;17.2;0.3;6
2019-06-11;23.5;18.2;14.4;13.9;16.1;4.467;5
2019-06-10;22.1;16.9;13.9;12.8;0.1;4.900;5
2019-06-09;21.8;16.5;11.3;9.1;0.1;13.483;5
2019-06-08;19.5;16.1;12.9;7.3;0;5.183;6
2019-06-07;22.1;15.9;10.1;7.3;8.1;12.867;5
2019-06-06;25.2;18.2;10.4;8.1;7.1;5.517;6
2019-06-05;29.6;22.6;17.9;15.7;1.2;10.167;6
2019-06-04;21.6;17;13.4;12.4;0.9;6.733;5
2019-06-03;25;20.6;14.2;13.3;3.8;4.017;5
2019-06-02;30.1;20.8;7.6;4.5;0;13.733;4
2019-06-01;24.4;18.2;10.6;6.7;0;8.717;5
2019-05-31;23;18;13.7;10.1;0;2.750;5
2019-05-30;17.9;13.9;7.5;4.4;1.1;0.85;5
2019-05-29;16;10.1;3.4;-2;0;9.733;4
2019-05-28;16.1;11.5;6.2;2.3;0;6.100;4
2019-05-27;18;14.8;10.6;5.9;0;5.783;6
2019-05-26;19.2;13.5;8.2;6.8;9.1;0;6
2019-05-25;16.2;12.4;8.5;6.5;0;1.800;6
2019-05-24;21.8;14.9;7.2;3.1;0;11.217;6
2019-05-23;19.8;13.6;3.3;-0.7;0;12.133;4
2019-05-22;14.9;11.4;6.4;2;0;3.317;6
2019-05-21;16.3;15;12;11.9;15;0;5
2019-05-20;20.2;14.1;10.7;11.1;0.1;2.017;5
2019-05-19;18.4;13.1;10.2;10.5;0;7.867;5
2019-05-18;22;15.4;9.6;6.7;3.3;7.483;5
2019-05-17;17.6;11.9;9.3;9.2;0;2.717;5
2019-05-16;12.6;10.4;8.6;8.4;3.8;0.017;7
2019-05-15;15.7;9.4;-0.2;-4.4;0;12.750;6
2019-05-14;14.5;8.9;2;-2.9;0;11.833;6
2019-05-13;15.8;9.2;1.1;-4.3;0;13.033;5
2019-05-12;15.4;9.3;2.5;-1.3;0;13.833;5
2019-05-11;13.9;7.9;-1.9;-3.6;0;11.333;5
2019-05-10;12.8;9.7;1.4;-1.7;0.5;3.050;6
2019-05-09;16.9;12;8.9;7.2;3.5;5.250;4
2019-05-08;15.7;9.5;1.1;-2.7;7.1;5.133;5
2019-05-07;12.6;6.6;0.8;-2.3;0;10.050;5
2019-05-06;12;6.3;1.3;-2.6;0.8;3.667;6
2019-05-05;13;6.1;-1.7;-5.6;0.1;8.917;5
2019-05-04;10.1;5.2;0.1;-3.5;0.1;9.117;6
2019-05-03;11.4;6.2;2.3;0.4;1.7;7.367;7
2019-05-02;10.6;8.6;4.4;2.6;0.9;0;6
2019-05-01;12.1;9.1;7.8;7.7;0;0.1;6
2019-04-30;20.2;11.3;0.4;-2.9;0;8.217;5
2019-04-29;15.6;9.7;2.4;-1.7;1.5;7.233;6
2019-04-28;10.1;8.2;6;4.2;3;0.783;5
2019-04-27;19.5;12.8;8.5;8.4;3;6.517;6
2019-04-26;19.1;13.8;9.7;7.5;3;3.367;6
2019-04-25;23.3;17;10.6;5.9;0;13.000;5
2019-04-24;23.6;16.5;10.9;8.7;0.1;8.200;5
2019-04-23;20;14.6;8.5;6.5;0;11.317;7
2019-04-22;19.9;12.9;2.8;-2.5;0;13.283;6
2019-04-21;20.4;10.9;-1.1;-6;0;13.233;4
2019-04-20;17;9.3;0.2;-5.4;0;13.150;5
2019-04-19;19.3;11;2.2;-2.5;0;12.800;5
2019-04-18;16.6;9.5;2.3;-3.8;0;12.917;5
2019-04-17;16.7;9.4;1.2;-2.6;0;12.850;5
2019-04-16;14.8;7.4;0.7;-1.7;0;12.117;6
2019-04-15;10.8;6.1;1.3;-1.1;0;12.267;5
2019-04-14;8.4;5.2;1.4;-0.4;0.1;0;6
2019-04-13;7.2;3.3;0.7;-1;0;3.083;6
2019-04-12;7.7;3.3;-2.2;-6.1;0;6.333;6
2019-04-11;6.6;3.1;-2.3;-7.9;0;0.067;5
2019-04-10;8.7;3.2;-4.2;-9;0;8.200;5
2019-04-09;9;4.4;-0.5;-6.4;0;8.750;5
2019-04-08;10.5;6.3;0.6;-4.1;0;9.117;6
2019-04-07;19.6;10.6;1.6;-1.9;0;10.783;4
2019-04-06;19.7;10.4;2.9;0.3;0;9.150;4
2019-04-05;14.7;9;3.1;0.9;0;3.650;3
2019-04-04;14.7;9.5;5.3;1.3;0;4.750;5
2019-04-03;11.5;9.4;4.3;1.9;1.2;0.183;4
2019-04-02;14.6;8.8;2;-0.8;0;8.617;5
2019-04-01;10.6;4.8;-3.9;-7.9;0;11.983;5
2019-03-31;10;6;-1.7;-4.5;0;10.500;
2019-03-30;18.2;9.4;-0.6;-3.3;0;9.883;5
2019-03-29;15.2;10.1;2.9;-1.3;0;7.050;4
2019-03-28;11.2;9.2;7.5;7.2;0;0;5
2019-03-27;9;7.7;5.9;4.8;1.6;0;5
2019-03-26;9.5;6.2;2.8;1;0.6;1.100;6
2019-03-25;9;4.8;1.1;-2.6;2.9;3.217;6
2019-03-24;10.6;5.6;2.6;0.8;1.2;4.600;6
2019-03-23;12.3;7.8;4.2;0.9;0;1.967;5
2019-03-22;14.3;9.8;7.1;3.9;0;3.733;4
2019-03-21;11.7;9.8;8.5;7.5;0;0;5
2019-03-20;10.2;6.5;-0.6;-5.1;0.2;1.350;5
2019-03-19;9.7;4.7;-0.9;-4.9;0;7.033;5
2019-03-18;8.1;5.1;2.6;1;2.2;3.167;8
2019-03-17;10.3;7.6;4.5;3.1;2.5;1.617;6
2019-03-16;9.9;6.9;4.7;4.4;5.9;0.133;6
2019-03-15;9.8;6.9;5.4;4.6;2.2;0.15;8
2019-03-14;6.7;5.8;5.2;4;5;0;7
2019-03-13;7.2;5.9;4.3;3.1;3;0;7
2019-03-12;7.5;4.5;-1.4;-5.4;1;0.733;6
2019-03-11;5.8;2.5;0.3;-2.3;6.5;0.7;6
2019-03-10;9;5.2;3;1.7;0.9;3.033;7
2019-03-09;8.9;5.9;2.2;1;9.3;1.283;8
2019-03-08;9.4;6.5;4;1.9;4;5.000;8
2019-03-07;13.8;9.5;6.7;5;3.6;1.700;7
2019-03-06;10.4;6;0.5;-2;2.1;0;5
2019-03-05;7.4;5.6;1.6;-3.2;0.3;1.433;8
2019-03-04;12.1;8.6;5.9;4.9;6;1.367;8
2019-03-03;10.7;9.2;6.6;5.7;3.9;0;6
2019-03-02;6.9;4.8;3.1;2.4;0.1;0.017;4
2019-03-01;6.3;4.4;3.1;2;0;0;4
2019-02-28;7.7;5.6;3.4;1.1;0;0.083;5
2019-02-27;17.1;6.6;-2.7;-6.8;0;9.300;4
2019-02-26;14.6;6;-0.6;-5.1;0;8.800;4
2019-02-25;14.3;4.4;-4.2;-7.6;0;8.983;4
2019-02-24;13.9;4.4;-3.5;-6.3;0;9.283;3
2019-02-23;6.7;2.1;-2.1;-5.4;0;5.500;4
2019-02-22;7.4;3.6;-1.3;-3.6;0;5.400;5
2019-02-21;9.8;8;7;5.7;0.9;0.233;5
2019-02-20;9.7;7.6;5.9;5.3;0.6;0.833;5
2019-02-19;9.6;6.4;1.6;-1.9;0.7;0.817;6
2019-02-18;14.3;6.1;-1.1;-5.4;0.1;8.700;3
2019-02-17;13.1;8.6;4;-2;0;5.383;4
2019-02-16;13.8;6.4;-1.5;-5;0;7.700;5
2019-02-15;14.6;4.7;-3.4;-7;0;8.700;3
2019-02-14;11.9;6.3;-1.3;-5;0;4.917;4
2019-02-13;8;7.2;5.9;5.6;0.1;0;6
2019-02-12;7.5;4.4;2;0.3;0;5.567;5
2019-02-11;8;4.9;2.1;0.6;0;4.533;6
2019-02-10;8.3;6;1.5;1.2;12;0;6
2019-02-09;10;7.8;6.3;5;0.8;1.517;7
2019-02-08;8.3;6.8;5.6;4.7;2;0;5
2019-02-07;8.4;5.6;3.4;2.5;0.4;0.25;6
2019-02-06;5.1;3.3;0.5;-1;6.8;0;4
2019-02-05;6.2;3.6;0.9;-0.8;0;0.283;5
2019-02-04;3.8;1.3;-3;-8.1;0.1;3.000;5
2019-02-03;3.6;0.6;-3.9;-7.1;0;3.217;5
2019-02-02;2.2;0;-3.9;-7.3;0.8;0;4
2019-02-01;0.2;-1.8;-5;-7.3;0;0;5
2019-01-31;3.8;0.5;-4.7;-7.3;0;1.600;4
2019-01-30;2.8;0.3;-2.1;-4.5;0;5.117;5
2019-01-29;3.5;0.1;-3.1;-5.9;0;1.183;4
2019-01-28;3.6;2.5;-0.8;-1.8;0.1;0;5
2019-01-27;5.4;4.6;3.5;2.8;3.1;0.033;4
2019-01-26;4.4;1.9;-3.3;-3.1;2.9;0;4
2019-01-25;-2.7;-3.6;-4.4;-5.2;0.8;0.267;4
2019-01-24;-3.3;-4.6;-6.5;-6.5;0;0;4
2019-01-23;-3.2;-5.8;-10.2;-13.6;0;0.5;4
2019-01-22;0.3;-1.4;-3.4;-5.3;0;4.450;5
2019-01-21;-0.5;-3.1;-5.5;-6.6;0.1;0.2;4
2019-01-20;-3.3;-5.1;-8.1;-10.5;0;0;3
2019-01-19;2.5;-2;-7.5;-10.4;0;6.317;3
2019-01-18;2.1;-1.2;-6.8;-5.7;0;4.833;4
2019-01-17;6.4;3.8;-1.4;-2.5;6.5;0.383;6
2019-01-16;8;6.6;4.4;3.9;2.7;0;6
2019-01-15;7.6;5.4;3.1;1.5;4;0;7
2019-01-14;4.3;2.3;0.9;-1.3;0.1;4.217;7
2019-01-13;8.5;6.7;4.3;3.4;5.1;0;7
2019-01-12;6.7;5.7;3.4;1.5;3.7;0;6
2019-01-11;7.8;4.7;1;0.9;0;0.117;5
2019-01-10;2.8;1;-0.9;-2.7;0.9;0.067;4
2019-01-09;3.2;2.2;0.8;0.1;1.2;0.033;7
2019-01-08;7.7;5.5;2.3;1.7;6.6;0;8
2019-01-07;7.7;6.3;5.4;4.5;8.2;0;6
2019-01-06;6.1;2.7;-2.3;-4.8;1.3;0;3
2019-01-05;9;6.9;1.1;-2.7;0;1.300;5
2019-01-04;7.2;4;-1.8;-4.7;1.1;0;6
2019-01-03;2.6;-1.1;-4.3;-8.4;0;3.450;3
2019-01-02;4.6;2.9;-2;-5.7;0;4.917;8
2019-01-01;8.3;6.4;4;2.1;0.5;1.133;9
2018-12-31;8.6;7.1;5.2;4.8;0.7;0;6
2018-12-30;8.4;6.4;3.4;-0.1;0;3.650;7
2018-12-29;8.4;7.4;6.5;6.1;3.3;0;5
2018-12-28;7.7;7.2;6.3;5.7;0.4;0;5
2018-12-27;7.2;6.4;5.7;5.6;0.5;0;5
2018-12-26;8.5;7;5.6;5.3;0.3;0;5
2018-12-25;7.2;5.7;3.7;2;0;0;6
2018-12-24;3.9;2.1;-0.1;-1.5;0;0.4;5
2018-12-23;7.5;6.2;3.7;3.6;6;0;5
2018-12-22;7.2;5.4;4.2;1.8;1;0.017;7
2018-12-21;10;6.6;5.2;4.3;8.5;0;7
2018-12-20;6.1;4.5;3;1.3;0.5;0;4
2018-12-19;4;2.7;1.5;0.4;0;0;5
2018-12-18;6;4.4;2.2;0.8;0.1;0.033;4
2018-12-17;2.7;0.6;-1;-1.3;1.1;0;3
2018-12-16;0.3;-0.4;-1.7;-3.2;0;0;6
2018-12-15;0.8;-0.4;-2.4;-4.7;0;1.117;5
2018-12-14;1.4;0.7;-0.5;-1;0;0;3
2018-12-13;3.4;2;0.7;-1.9;0;1.383;4
2018-12-12;5.2;3.8;0.5;-1.5;0.1;0.417;5
2018-12-11;5.3;4.3;2.7;0.7;0.5;0;5
2018-12-10;5.7;4.6;3.7;1.6;0.2;2.517;7
2018-12-09;8.1;6.5;5.1;3.4;1;1.217;7
2018-12-08;8.6;7.2;5.8;4.7;14.1;0;7
2018-12-07;11.2;10.5;6.7;5.8;8.4;0;7
2018-12-06;10.6;6.2;2.8;2.3;1;0;5
2018-12-05;4.3;2.2;-0.4;-4.3;0.2;5.750;4
2018-12-04;7.1;5.2;1;-2.5;0;5.750;6
2018-12-03;12.5;10.8;6.8;6.2;13;0.883;6
2018-12-02;11.3;8;6.1;5.7;8;0;5
2018-12-01;8.7;6.4;2.4;-1.3;0.1;0;4
2018-11-30;6.2;4.4;3.5;2.4;0;0.5;5
2018-11-29;4.7;2.4;0.3;0;2.8;0;6
2018-11-28;1.8;0.9;-0.8;-3.2;0.3;4.633;7
2018-11-27;3;1.6;-2.9;-5.1;0;0;4
2018-11-26;5.4;2;-2.6;-6.2;0;4.100;4
2018-11-25;5.5;3.5;0.4;-3.3;0;0;4
2018-11-24;4.3;2.8;1.8;0.9;0;0;4
2018-11-23;2.3;1.3;0.5;0.5;0;0;3
2018-11-22;1.6;0.9;0.3;0.4;0;0;4
2018-11-21;2.3;1.1;-1.1;-2.5;0;0;5
2018-11-20;3.9;3.2;2.3;1.2;0;0;7
2018-11-19;7.6;5.2;2.8;1.5;0;4.317;7
2018-11-18;7.6;2;-5.3;-7.9;1.3;1.033;6
2018-11-17;5.5;1.2;-3.9;-7.4;0;6.867;3
2018-11-16;9.5;5.7;2.5;0;0;7.300;4
2018-11-15;11.7;7.8;3.9;0.7;0;6.083;4
2018-11-14;9.9;8.4;5.6;2.3;0;0;5
2018-11-13;12.3;9.9;8.7;7.1;1.1;0.717;5
2018-11-12;12.7;10.9;9.4;6.6;2.6;0.017;4
2018-11-11;14.1;11.9;10.4;9;2.9;1.883;4
2018-11-10;12.2;10.1;8;7.4;0.9;0.033;4
2018-11-09;12.1;6.8;-0.2;-0.7;0.5;0.667;4
2018-11-08;15;7.7;0.4;-1.7;0;3.783;4
2018-11-07;14.5;8.6;2;0.9;0;5.433;3
2018-11-06;12.6;7.2;2.6;0.3;0;3.300;3
2018-11-05;11.2;9.2;4.8;3.2;0;0;4
2018-11-04;9.6;5.5;-3.1;-5.6;0;0;4
2018-11-03;10.8;3.3;-2.2;-5.1;0;8.167;3
2018-11-02;13.8;8.4;0.6;-2.7;0;3.283;5
2018-11-01;11.9;8.1;1.8;-0.4;0;3.117;3
2018-10-31;11.4;8.8;4.8;1.2;0;5.133;6
2018-10-30;14.1;8;4.4;4.2;1.5;1.233;6
2018-10-29;6.9;5.5;4.2;2.8;0;0;6
2018-10-28;7.5;3.3;-1.7;-4.8;0.7;1.550;5
2018-10-27;8.2;5.4;2.1;-0.1;1;1.283;6
2018-10-26;12.6;9.2;6.9;6.3;5.5;0;5
2018-10-25;12.8;11.2;9.1;8;0.8;0.867;7
2018-10-24;11.9;10.3;8.5;6.9;0.2;5.033;6
2018-10-23;12.5;11.1;8.8;7.3;4.5;0;7
2018-10-22;13.3;10.4;5.5;1.4;0.1;5.433;6
2018-10-21;16.6;10.4;3;0.3;0.8;2.167;4
2018-10-20;15.5;8.7;3.3;-0.3;0;2.967;5
2018-10-19;13.5;6.4;1;-2.9;0;7.633;3
2018-10-18;15.4;11.3;2.3;-2.2;0.1;2.600;4
2018-10-17;23.2;14.4;8.5;6.3;0;7.717;3
2018-10-16;23;14.5;7.2;5.1;0;3.900;4
2018-10-15;24;15.8;9.3;5.5;0;9.367;4
2018-10-14;22.8;16.7;11.4;7.7;0;9.383;4
2018-10-13;26.8;19.6;14.3;10.9;0;9.517;4
2018-10-12;24.2;17.2;11.8;8.3;0;9.433;4
2018-10-11;22.5;16.7;11;7.2;0;9.650;4
2018-10-10;22.4;12.7;2.1;-0.3;0;8.450;4
2018-10-09;19;11.2;5.6;2.7;0;4.967;4
2018-10-08;15.4;8.7;1.3;-1.7;0;6.300;5
2018-10-07;14;8.8;1.7;-1.6;0;8.333;5
2018-10-06;21.1;12.4;4.5;1;0.8;9.550;4
2018-10-05;20.6;14.6;10.1;4.4;0;9.800;5
2018-10-04;15.5;12.4;9.3;9.1;0.3;0.067;4
2018-10-03;14.5;11;8.8;7;0;7.317;6
2018-10-02;11.4;8.3;5;2.8;4.2;0.033;7
2018-10-01;14.7;9.6;5.3;3;0.1;4.250;6
2018-09-30;18.3;10.8;6.5;4.5;0.1;4.900;5
2018-09-29;15.4;9.4;2.7;-1.1;0;4.800;4
2018-09-28;15.6;11.6;4.8;0.9;0;8.267;6
2018-09-27;21.8;17.3;14.4;11.1;0.6;3.733;6
2018-09-26;17.6;13.3;8.5;7.2;0;2.483;6
2018-09-25;15.3;9;3.1;-0.6;0;7.217;4
2018-09-24;13.7;9.1;5.1;2.6;0.5;8.667;7
2018-09-23;13.4;9.8;7.4;5.7;0.4;0.083;5
2018-09-22;15.7;11.7;9.4;8;1.7;3.417;8
2018-09-21;24.4;16.4;9.5;8;5.2;2.017;8
2018-09-20;25;19.8;15.3;13.1;0;6.367;5
2018-09-19;26.5;19.5;13.2;9.1;0;10.683;5
2018-09-18;30;20.7;10.2;6.9;0;11.183;5
2018-09-17;24.6;16.4;8.3;5.7;0;10.000;4
2018-09-16;21.7;14.6;5.8;4;0;7.100;4
2018-09-15;18.4;13.5;7.3;5.3;4.3;1.533;6
2018-09-14;20.1;12.8;5;1.8;0;8.933;4
2018-09-13;19.8;12.9;6;3.5;0;7.633;3
2018-09-12;16.4;14.1;10.3;8;0.6;0;4
2018-09-11;21.8;17.6;14;13.4;1.1;0.717;6
2018-09-10;23.3;17.1;13;10;0.5;2.267;5
2018-09-09;22.4;16.7;11.9;8.8;0;2.217;4
2018-09-08;20.1;14.9;9.8;8.2;0;7.433;5
2018-09-07;21.2;15.9;10.3;8.4;3.4;3.183;6
2018-09-06;24.8;18.7;11.3;9.8;3;5.083;5
2018-09-05;23.5;16.9;10.5;8.3;0;7.117;5
2018-09-04;22.4;17.7;11.6;8.2;0;8.550;5
2018-09-03;27.4;20.3;15.1;12.9;0.6;7.850;6
2018-09-02;21.2;15.8;7.2;5;0;10.017;5
2018-09-01;21.7;14.9;9.6;6.6;0;6.300;4
2018-08-31;21.1;15.2;9.4;7.3;0.5;8.917;5
2018-08-30;17.6;15.6;11.8;10.1;13.5;0;5
2018-08-29;26.1;18.3;9.1;7;3.8;10.000;5
2018-08-28;21.6;15.9;10.3;7.8;0;2.217;4
2018-08-27;21.1;15.7;12.5;10.4;0.3;1.267;6
2018-08-26;20.3;14.2;8;4.6;0.1;8.533;5
2018-08-25;17.8;12.2;7.9;3.8;3;3.817;5
2018-08-24;21.2;17.2;12.1;10.4;0.1;4.800;6
2018-08-23;27.9;20.2;12.4;10.4;0;9.867;5
2018-08-22;28.8;20.9;11.5;8.2;0;13.033;5
2018-08-21;23.8;16.7;10.7;7.4;0;9.133;4
2018-08-20;23.2;19;12;8.8;0.9;1.983;5
2018-08-19;26.5;19.9;13.6;11.1;0.6;6.833;4
2018-08-18;26;17.9;7.7;4.6;0;10.900;5
2018-08-17;23.5;18.1;11.6;7.3;0.1;3.850;4
2018-08-16;28.1;21.7;13.3;11.4;0;11.467;5
2018-08-15;24.7;19;14.2;12.4;0;2.883;4
2018-08-14;24.3;19.1;16.1;15.3;1.4;2.417;5
2018-08-13;28.8;20.3;14.3;13;1.6;1.750;5
2018-08-12;21.8;17.6;11.9;9.8;0;4.183;5
2018-08-11;18.3;15;12.1;9.5;4.3;5.200;6
2018-08-10;23.2;17.8;10;8.4;0.8;5.133;6
2018-08-09;30.3;21.9;13.6;10.9;8.2;7.733;7
2018-08-08;32.8;26;17.2;14;0;4.800;6
2018-08-07;35.5;26.2;13.6;10.1;0;13.900;4
2018-08-06;29.8;21.2;12.3;8;0;13.033;4
2018-08-05;24.1;19.4;14.8;10.9;0;5.767;5
2018-08-04;29.3;22.6;17.5;15.2;0;4.933;4
2018-08-03;33.1;23.9;14;12.3;0;10.067;5
2018-08-02;30.5;22.6;16.4;14.2;0;9.617;5
2018-08-01;29.6;22.7;17.4;15.7;0;11.683;4
2018-07-31;35.5;28.3;21.5;20.7;3.3;7.100;5
2018-07-30;31.6;26.5;21.5;19.8;0;7.150;4
2018-07-29;28.3;22.2;12.3;9.9;0;12.967;4
2018-07-28;33.1;23.1;17.4;15.7;4.4;8.717;6
2018-07-27;30.5;24.5;16.1;13.6;0;14.217;6
2018-07-26;33.1;25.9;17.6;14.9;0;14.500;5
2018-07-25;32.7;25.4;16.9;15.3;0;11.083;5
2018-07-24;31.9;24;14.7;12.4;0;14.700;4
2018-07-23;27.5;20.6;13.6;10.2;0;9.683;4
2018-07-22;30.3;22.6;14.2;10.3;0;12.167;5
2018-07-21;27.9;20.1;10.4;8.2;0;9.767;4
2018-07-20;25;18.2;9.8;6.1;0;13.883;5
2018-07-19;25.2;18.8;11.4;7.9;0;12.317;5
2018-07-18;25.2;20.1;14.7;12.9;0;9.800;5
2018-07-17;30;21.9;12.3;9.4;0;13.217;5
2018-07-16;26.6;19.8;10.9;8.1;0;15.233;5
2018-07-15;24.7;17.6;9.3;6.1;0;12.217;4
2018-07-14;19.8;16;11.2;8.3;0;0.167;4
2018-07-13;26.3;19;13;11.7;0;12.300;5
2018-07-12;27.7;20.3;14.1;12.5;7.7;11.267;5
2018-07-11;19.9;16.6;12.5;11.6;14.6;0.333;5
2018-07-10;21.2;15.5;10;7.3;6.5;5.217;5
2018-07-09;21.8;15.1;9.6;6.7;0.1;2.000;6
2018-07-08;26.8;18.8;12.4;10.9;0;11.717;5
2018-07-07;23.5;17.2;11.4;10;0;14.850;6
2018-07-06;23.9;18;12;10.3;0;10.300;6
2018-07-05;21.6;17;11.8;9.3;0;1.650;5
2018-07-04;27.1;18.2;8.6;4.9;0;15.617;4
2018-07-03;26.3;18.7;9.2;6;0;14.933;5
2018-07-02;24.9;17.3;6.9;3.5;0;14.950;5
2018-07-01;22.6;16.5;8.2;4.6;0;13.483;6
2018-06-30;23.5;17.3;9.3;7.3;0;14.250;5
2018-06-29;25;18.8;11.3;8.1;0;15.083;5
2018-06-28;24.9;19;10.4;6.8;0;15.717;5
2018-06-27;24;18.7;12.6;8.9;0;13.650;5
2018-06-26;24.9;17.6;13.2;12.2;0;6.667;4
2018-06-25;21.2;14.7;9.5;7.2;0;1.733;5
2018-06-24;17.1;13.6;10.3;7.8;0.4;0.133;5
2018-06-23;16.9;13.2;10.2;8.7;3.3;1.617;6
2018-06-22;19.2;13.4;9.3;8.4;0.1;6.500;7
2018-06-21;16.6;13;8.8;7.3;5.7;4.000;7
2018-06-20;26.7;19.4;9.5;6.5;4.8;13.250;5
2018-06-19;22.5;17.6;10.8;7.6;0;5.583;5
2018-06-18;20.8;17.2;12.9;12.7;0.1;2.517;4
2018-06-17;22.6;17.5;13.2;11.2;0.3;4.383;5
2018-06-16;25.1;18.3;11.2;8.7;8.6;3.667;6
2018-06-15;23.8;17.3;11.6;8.5;0;12.450;4
2018-06-14;22.6;16.2;8.5;3.2;0.7;7.367;6
2018-06-13;18.4;14.1;9.5;5.3;0;0.167;5
2018-06-12;17.9;15.1;12.9;12.9;0.4;0.083;5
2018-06-11;22.8;17.3;12.9;11.5;0;8.400;5
2018-06-10;26.9;20.2;13.5;11.6;0;4.117;5
2018-06-09;27.2;21.4;14.6;12.1;0;7.883;5
2018-06-08;29.8;21.8;11.9;9.7;0;12.533;4
2018-06-07;28;19.7;10.9;6.8;0;15.550;5
2018-06-06;25.1;18.4;10;6.7;0;15.617;5
2018-06-05;23.6;17.2;10.1;7.9;0;11.667;5
2018-06-04;20.6;16.4;12;7.6;0;1.383;5
2018-06-03;22.3;18.5;13.4;10.3;0;2.550;4
2018-06-02;23.1;18.6;14.2;12.9;0.6;0.65;4
2018-06-01;25.2;19.4;14.4;12.8;0;12.117;4
2018-05-31;27.5;20.3;14.4;12.8;0;12.283;5
2018-05-30;27.4;22.1;14.2;12.7;0;14.067;5
2018-05-29;30.4;23.3;15.9;13.4;0;14.850;6
2018-05-28;26.8;20.3;14.6;13.8;0;7.350;4
2018-05-27;19.9;15.6;12.7;12.4;11.4;9.133;5
2018-05-26;23.5;16.7;7.7;3.7;0;13.700;6
2018-05-25;25.5;17;8.9;4;0;12.867;6
2018-05-24;25.1;18.1;9.4;4.4;0;15.067;6
2018-05-23;23.3;16.5;7.3;4.1;0;15.067;5
2018-05-22;24.3;16.8;6.7;2.8;0;14.617;6
2018-05-21;23.8;15.9;4.1;0.1;0;14.833;6
2018-05-20;21.7;15.1;6.4;1.8;0;14.917;6
2018-05-19;19.6;13.7;9.2;6.7;0.2;6.750;5
2018-05-18;16.9;12.5;9.3;7.1;1.1;2.283;5
2018-05-17;18;12.9;8.9;8.2;0;9.233;6
2018-05-16;24.4;18.6;12.7;11.6;0;11.683;5
2018-05-15;22.6;16.4;9;4.1;0;10.717;5
2018-05-14;22.9;17;9.7;5;0;14.567;5
2018-05-13;25.1;17.8;11.1;7.5;0;13.600;5
2018-05-12;20.6;15.2;9.7;7.6;0;7.383;5
2018-05-11;19.6;14;10.6;10;0;7.967;4
2018-05-10;26.8;17.3;11.5;10.2;16.2;8.000;6
2018-05-09;27.1;19.6;8.7;4.8;0;14.200;5
2018-05-08;25.7;18.4;7.6;3.8;0;14.317;5
2018-05-07;23.9;15.8;5.4;1.4;0;14.283;4
2018-05-06;22.5;13.7;3.1;-0.6;0;14.267;4
2018-05-05;18.3;10.5;0.4;-2.8;0;13.650;4
2018-05-04;16.5;8.6;-1.3;-4.3;0;13.467;5
2018-05-03;16.5;10.7;2;-2.8;0;12.333;5
2018-05-02;16.2;9.5;-1.3;-5.1;0;10.517;5
2018-05-01;12.1;8.4;4;0.9;0.9;0.117;7
2018-04-30;18.6;13.8;8.9;4.3;1;4.283;6
2018-04-29;17.8;12.8;7.1;3;0;10.250;5
2018-04-28;18.6;12.6;3.8;0.8;0;6.783;5
2018-04-27;15.3;10.5;4.4;2.9;0;7.983;5
2018-04-26;13.7;8.3;5;1.3;0.6;3.633;6
2018-04-25;14.9;10.1;6.5;4.4;3.8;0.55;7
2018-04-24;13.7;10.5;8;7;4.7;0.317;6
2018-04-23;17.3;13.2;6.5;2.9;0;5.133;6
2018-04-22;20.8;12.3;2;-2.5;0;12.733;4
2018-04-21;19.6;13.1;5.9;0.1;0;13.050;4
2018-04-20;28;18.7;8.9;5.1;0;13.017;6
2018-04-19;24.5;16.2;6.1;3.4;0;12.750;4
2018-04-18;23;15.2;6.5;1.7;0;12.750;4
2018-04-17;18.1;11.8;3.8;-0.4;0;11.617;5
2018-04-16;16.8;10.3;3.5;2.3;2.4;2.133;3
2018-04-15;11.6;8.7;3.3;1.1;3;0.1;4
2018-04-14;9.2;8.3;6;6;0.4;0;6
2018-04-13;14.7;8.5;5.7;4.6;0.4;0.917;4
2018-04-12;15.4;8.3;3.8;2.7;0;8.017;6
2018-04-11;7.4;5.9;3.8;2.7;0;0;6
2018-04-10;11.8;8;5.8;4.9;0;9.667;6
2018-04-09;22;13.8;7;5.2;0;6.733;4
2018-04-08;21.9;15.1;7.9;2.6;0;12.250;5
2018-04-07;18.1;11;4.6;0.9;0;11.800;6
2018-04-06;12.5;6.8;2;0.1;0;10.567;5
2018-04-05;12.3;7.8;2.5;-0.1;1.5;0.883;7
2018-04-04;16.5;12.3;8.9;6.3;2.5;5.867;5
2018-04-03;15.8;10.9;5.1;4.4;0.1;0.8;4
2018-04-02;8.6;3.7;-1.9;-5.7;3.5;8.300;4
2018-04-01;4.2;1.3;-0.8;-3.8;2.5;0.033;5
2018-03-31;3.1;1;0;-0.7;9.4;0;6
2018-03-30;7;1.5;-4.1;-5.5;0;10.133;5
2018-03-29;3.3;1.1;-0.5;-2.7;0.6;0.283;5
2018-03-28;4.1;2.6;0;0;13.5;0;6
2018-03-27;7.2;3.5;0.6;-1.5;0.1;0;4
2018-03-26;6.6;3.4;1;-2.8;0;0.383;4
2018-03-25;10.7;6.7;3.8;2.7;0;0.5;4
2018-03-24;9.8;5.8;3.1;2.8;0;0;4
2018-03-23;6.1;3.5;1.4;1.1;0;0.333;3
2018-03-22;6.6;3.8;0.7;0;0.7;0;6
2018-03-21;5.8;0.7;-6.7;-10;1.5;2.200;5
2018-03-20;5.2;1.6;-4.7;-9.6;0;9.383;7
2018-03-19;3.7;-1.4;-9.1;-13.2;0.5;11.083;4
2018-03-18;1.5;-2.7;-5.8;-8.3;0;10.983;7
2018-03-17;0.7;-2.9;-4.8;-5.8;0;4.933;8
2018-03-16;1.5;-0.5;-3.4;-4;0.5;1.450;8
2018-03-15;3.3;1.8;-0.2;-1.7;0;0;6
2018-03-14;4.5;2.8;-0.6;-4;0;0.517;4
2018-03-13;8.5;6.1;3.5;3.3;0.3;0;5
2018-03-12;9.8;8;5.7;4.4;24.4;0;3
2018-03-11;15.3;9.9;5;2.3;0;2.767;4
2018-03-10;6.2;3.6;-0.6;-1.5;1.1;0;4
2018-03-09;7.2;3.2;-0.9;-3.6;0.9;2.350;6
2018-03-08;7.4;2.9;0;0;4.8;2.600;4
2018-03-07;1.4;0.5;-0.8;-3.3;6.8;0;3
2018-03-06;6.1;0.8;-6.1;-4.6;0.9;7.650;4
2018-03-05;9.3;3;-3.2;-1.9;0;5.600;4
2018-03-04;1.3;-4.4;-14.7;-4.1;1.2;4.117;5
2018-03-03;-3.2;-9.4;-16.4;-3.6;0;9.700;5
2018-03-02;-6.2;-10.9;-15.6;-3.1;0;9.650;6
2018-03-01;-4.9;-10.2;-16.2;-2.6;0;9.683;6
2018-02-28;-8.5;-12.6;-20.1;-2.1;0;9.400;6
2018-02-27;-3.4;-6.9;-14.6;-1.9;0.9;3.867;6
2018-02-26;-1.6;-5.1;-15.2;-2.1;11;0.7;6
2018-02-25;-2.5;-4.9;-10.7;-11.7;10.9;0.033;5
2018-02-24;1.5;-1.6;-8.5;-11.3;0;3.583;6
2018-02-23;0.5;-2.7;-6.3;-9.6;0;8.750;5
2018-02-22;2.4;-0.4;-3.6;-4.8;0.1;0.05;4
2018-02-21;3.6;-1.7;-5.8;-9.2;0;0.85;3
2018-02-20;4.2;-1.1;-5.6;-8.4;0;8.300;5
2018-02-19;5.5;1.6;-3.9;-6.1;0;2.483;3
2018-02-18;6;2;-3.3;-5.8;0;5.033;4
2018-02-17;4.9;2.5;0.6;-0.1;0;0;3
2018-02-16;6;2.9;-0.7;-5.3;0;5.283;5
2018-02-15;2.4;0.2;-1.2;-3.1;1.5;0.017;6
2018-02-14;4.2;-1.2;-8.3;-12.2;0;8.600;5
2018-02-13;4.2;-0.4;-4.6;-10;0;6.600;4
2018-02-12;4.9;1.1;-1.4;-4.4;3.7;0.333;6
2018-02-11;3.3;1.5;-0.1;-0.9;1.9;0;5
2018-02-10;2.6;-2;-8.5;-11.7;0;5.433;3
2018-02-09;1;-3.2;-8.3;-12.1;0;7.250;4
2018-02-08;0.9;-5;-10.6;-13;0;8.183;3
2018-02-07;0;-5.4;-9.9;-13.4;0;8.217;3
2018-02-06;0;-4.1;-8.6;-11.4;0;7.367;3
2018-02-05;2.2;-0.4;-4.4;-6.1;0;2.967;4
2018-02-04;1.9;0.2;-2.5;-5.8;1.1;0;5
2018-02-03;1.9;-0.2;-1;-1.8;0.4;0;5
2018-02-02;3.3;2.8;1.9;0.9;0.6;0;5
2018-02-01;4.5;2.8;1;-0.3;0;0.783;5
2018-01-31;8.7;4.6;1.2;-0.3;5.1;0;6
2018-01-30;6.8;4.8;2.5;1.1;0;3.500;6
2018-01-29;10.5;8.3;4.7;3.1;7.9;0;8
2018-01-28;9.7;7.7;5.4;4.3;2.3;1.717;7
2018-01-27;7.1;5.3;4.1;3.8;0.8;0.367;6
2018-01-26;7.8;5.5;3.6;1.7;0.5;0;3
2018-01-25;8.7;7.4;4.6;2.3;0;0;5
2018-01-24;13.1;10.5;7.3;6.6;1.8;0;6
2018-01-23;7.3;3.4;0.4;0.1;2.4;0;5
2018-01-22;0.7;0.1;-1.1;-0.9;1.1;0;5
2018-01-21;0.4;-1.1;-2;-1.8;0;0;4
2018-01-20;2;1.3;0.1;-0.6;0;0;4
2018-01-19;2.4;1.3;0.7;-0.5;1;0.217;4
2018-01-18;2.5;1.2;0;0;16;0;6
2018-01-17;3.3;1.8;1;-0.1;1.2;0.25;6
2018-01-16;4.9;3.1;1.1;-0.1;1.7;0.85;6
2018-01-15;3.5;0.8;-2.7;-4.1;4.9;0.983;7
2018-01-14;0.6;-0.9;-2.8;-4.4;0;6.083;5
2018-01-13;1.1;0.4;-0.8;-1;0;0;5
2018-01-12;1.5;1.2;0.7;0.4;0.2;0;4
2018-01-11;3.5;1.3;-2.9;-4.9;7;0;3
2018-01-10;4.7;2;-2.8;-4.8;0;1.850;3
2018-01-09;3.6;1.3;-2.7;-5.6;0;0;5
2018-01-08;0.7;-3.6;-8.9;-12.5;0;6.450;4
2018-01-07;2.4;-0.7;-6.3;-11.2;0;5.417;5
2018-01-06;5.9;4;0.8;-0.8;0.2;0;5
2018-01-05;7.7;5.6;2.8;0.8;5.3;0;8
2018-01-04;6.5;5.9;4.8;2.6;3.8;0.033;6
2018-01-03;8.3;5.5;3.5;3;13.9;0.55;7
2018-01-02;6.9;4.5;1.1;-0.9;9.6;0.2;5
2018-01-01;8.8;6.8;3.4;0.4;0.9;2.383;7
2017-12-31;11.7;8;4.3;1.9;12.4;0;6
2017-12-30;7.2;3.9;0.4;0.2;3.2;0;8
2017-12-29;4.2;2.8;0.7;-1.9;0.2;1.850;6
2017-12-28;4.8;3.5;1.8;-0.3;0;1.017;6
2017-12-27;4.6;3.4;2.1;0.8;0.6;0;5
2017-12-26;7;5.5;3.3;1.8;1.6;0.217;7
2017-12-25;9.4;8.3;6.7;6.3;0.1;0;6
2017-12-24;9.5;8.5;7.8;7.4;0.6;0;7
2017-12-23;9.4;7.1;3.9;3.7;0.7;0;7
2017-12-22;7;5.6;3;-0.5;0;0.25;4
2017-12-21;7.3;6.5;5.6;4;0;0.033;4
2017-12-20;6.8;5.8;4.8;4.6;0.3;0;5
2017-12-19;5.9;4.3;2.1;1.5;0.7;0;4
2017-12-18;3.2;1;-0.7;-3.2;0.2;5.917;4
2017-12-17;2.2;0.3;-2.5;-5.5;0;1.150;4
2017-12-16;4.9;2.6;0.2;-2.5;0;4.317;4
2017-12-15;4.2;2.6;1.1;-1.9;0;1.267;4
2017-12-14;4;2.8;0.5;0;0.5;0;6
2017-12-13;3.3;1.7;0.7;-0.6;10.9;1.550;6
2017-12-12;1.8;0.9;0.3;-0.3;2.5;0;5
2017-12-11;0.6;0;-1.4;-1.3;4.8;0;4
2017-12-10;2.2;0.5;-1.3;-1.3;1.6;0;6
2017-12-09;4.4;1.8;0.5;-0.6;1;2.317;6
2017-12-08;6.4;3;1;-0.3;3.8;0;6
2017-12-07;8.1;6.5;5.5;4.7;3.1;0;6
2017-12-06;8.6;7.6;6.5;5.8;0;0;7
2017-12-05;8.7;7.7;6;5.6;1.3;0.017;6
2017-12-04;6.2;4.7;3.6;0.9;1.7;5.483;5
2017-12-03;5.5;2.6;0.2;0;2.8;0;5
2017-12-02;1.5;0.8;-0.2;-1.5;2.5;0.017;4
2017-12-01;3.9;1.7;-1.4;-4.4;0;0;4
2017-11-30;3.5;2.3;-0.9;-3.4;0.3;0;3
2017-11-29;4.6;4;2.9;2.5;0.2;0;4
2017-11-28;6.7;5.5;4.4;4;3.9;0.133;6
2017-11-27;6.3;4.3;2.4;1.1;4.8;0;6
2017-11-26;5.4;3.7;1.1;-0.9;0;0;6
2017-11-25;4;2.8;-0.4;-3.6;0;0;3
2017-11-24;8.5;5.8;-0.7;-3.3;6.1;0.35;4
2017-11-23;14;9.7;6.5;4.8;0.4;1.117;6
2017-11-22;10.4;9;5.7;5.6;1.3;0;5
2017-11-21;5.8;4.4;3.6;3.3;4.9;0;4
2017-11-20;6.3;4.2;1.1;-1;0.1;0.2;4
2017-11-19;8.3;4.8;0.3;-3.5;1.6;2.000;6
2017-11-18;6.9;4.7;3.3;1.3;7.4;1.233;6
2017-11-17;9.9;6;1.5;-3.4;0.1;6.733;4
2017-11-16;9;8.1;6.5;6.5;0.2;0;5
2017-11-15;10.4;7.9;5.4;0.6;0.5;0.1;4
2017-11-14;7.7;4.1;-1.2;-5.5;0.7;0.1;5
2017-11-13;7.9;3.2;-0.9;-4.4;0;5.483;4
2017-11-12;6;3.9;1.8;-1.4;0.2;0.15;4
2017-11-11;6.7;3.9;2.5;0;8.2;0.433;5
2017-11-10;9.3;7.1;3.4;2.1;7.7;0;8
2017-11-09;9.2;7.2;5.8;5.5;2.7;0;4
2017-11-08;8.9;6.4;1.9;1.8;0;1.083;4
2017-11-07;7.1;1.6;-2.5;-4.9;0;3.883;3
2017-11-06;10.9;3.9;-1.2;-4.3;0;5.883;4
2017-11-05;12.4;9.4;4.4;1.6;5.2;0;4
2017-11-04;11.3;8.8;6.2;2.2;0;0.25;4
2017-11-03;9.4;8.5;7.3;4.5;0;0.083;4
2017-11-02;13.4;9.8;7.5;4.8;0.5;1.750;5
2017-11-01;13;11.2;8.9;8.6;8.6;0;6
2017-10-31;8.9;7.4;4.6;2.6;5;0;4
2017-10-30;9.5;5.6;3.1;-1.1;0;8.600;5
2017-10-29;11.3;8.4;5.2;2.8;2.7;4.383;10
2017-10-28;12.4;10.8;9.4;8.5;4.8;0;7
2017-10-27;13;10.6;9;6.2;0.1;4.817;6
2017-10-26;14;11.8;10.2;8.7;0.1;0.1;5
2017-10-25;16.2;14.2;10.3;8.7;0.3;0.267;6
2017-10-24;15.5;11.8;9.9;9.6;3.5;0;5
2017-10-23;11.7;10.3;9.4;8.8;14.9;0;3
2017-10-22;12.3;10.2;7.9;4;1.6;1.733;4
2017-10-21;13.5;12;10.8;10.5;0.4;0.183;4
2017-10-20;14.3;12.3;11;9.5;5.1;0;4
2017-10-19;17.7;13.3;11.1;8.9;0;3.783;4
2017-10-18;15.3;10.9;7.6;4.2;0;3.567;3
2017-10-17;16.8;14.2;10.4;7.4;0;1.583;4
2017-10-16;21;15.3;11.7;8.6;0;9.017;3
2017-10-15;21.1;15.7;12.1;7.8;0;6.350;4
2017-10-14;17.2;16.1;15;13.2;0;0.05;5
2017-10-13;16.5;12.6;6.8;3.1;0;3.633;4
2017-10-12;15.5;13.1;10.8;9.6;0.6;3.933;7
2017-10-11;15.6;14.2;13.1;12.4;0.9;0.483;5
2017-10-10;15.2;12.3;8.8;8.3;1.6;0.083;5
2017-10-09;13.8;8.1;2.4;-1.8;2.8;1.883;4
2017-10-08;13.7;9.8;4.3;0;0;9.867;5
2017-10-07;12.4;10.7;9.7;7.8;8.8;0;5
2017-10-06;15.2;11.2;9;5.8;2.3;5.617;6
2017-10-05;14.1;10.5;8.7;8.1;19.8;1.650;9
2017-10-04;13.1;11.6;10.3;9.6;15;0.05;7
2017-10-03;15.9;12.7;10.8;9.6;1.4;5.833;6
2017-10-02;16.6;13.2;10.7;10.2;6.3;0.05;5
2017-10-01;17.4;13.3;10.9;8.1;1.4;4.950;4
2017-09-30;17.8;14.9;11.7;11;7.1;0.267;4
2017-09-29;20.9;16.5;13.7;13;0;5.400;5
2017-09-28;17;14.1;11.8;10.7;10.6;0;4
2017-09-27;18.8;14.6;9.9;8.6;0.1;0.417;4
2017-09-26;17.5;13.6;8.4;7.1;0;0.717;4
2017-09-25;18.5;15;12.3;11.6;0.5;1.167;5
2017-09-24;18.1;14.3;10.9;9.4;0;1.650;4
2017-09-23;18.2;12.4;7.1;5.4;0.4;5.883;4
2017-09-22;18.4;12;6.3;5.3;0;8.833;3
2017-09-21;19.7;13.3;8.4;6.6;0;4.083;3
2017-09-20;15.4;12.6;10.5;8.9;0.2;0.183;5
2017-09-19;17.6;11.5;5.5;2.7;0.7;6.200;4
2017-09-18;17.6;11.3;5.6;3.3;0;9.350;3
2017-09-17;17.3;11.7;8.4;5.6;0;4.267;3
2017-09-16;15.1;10.8;7.7;6.2;0;1.867;4
2017-09-15;17.4;12.9;9.1;7.9;0;8.100;5
2017-09-14;16.9;13;10.8;9.3;0.2;5.833;6
2017-09-13;16.4;12.6;10.1;9;7.6;1.417;8
2017-09-12;18.1;13.5;10.4;9;5.4;4.433;5
2017-09-11;18;14.4;12.1;10.5;0.9;3.550;5
2017-09-10;18.9;13.7;7.2;4.4;0;9.450;5
2017-09-09;17.5;14;9.6;6;16.3;1.317;5
2017-09-08;15;14.1;12.8;12.1;6.5;0;5
2017-09-07;19.5;14.4;11.3;9.3;0.5;3.900;6
2017-09-06;21;16.2;12;11;18.5;1.233;7
2017-09-05;23.3;15.9;5.5;2;14.4;9.400;3
2017-09-04;20.7;13.3;5.1;2.2;0;11.550;5
2017-09-03;20.3;13.3;6.8;4;0;10.900;3
2017-09-02;19;13.4;7.1;4.1;0;9.100;4
2017-09-01;20;13.9;7.5;4.2;0;6.567;4
2017-08-31;19.8;16.4;10.2;6.4;0;1.350;5
2017-08-30;28.5;20.6;14.5;13.1;0.9;5.083;4
2017-08-29;27.3;19.2;9.2;7;0;11.967;4
2017-08-28;22.9;16.1;8.4;5.4;0;11.767;3
2017-08-27;22.5;17;11.6;8.6;0;7.533;5
2017-08-26;23.2;16.3;7.8;5.7;0;6.167;4
2017-08-25;22.4;16.3;10;7.1;0;8.733;5
2017-08-24;23.3;16.3;11.6;9.3;1.1;5.183;5
2017-08-23;22.5;14.7;7.2;4.8;0;11.167;3
2017-08-22;19.2;13.9;9.6;6.1;0;5.583;5
2017-08-21;18.6;14.7;10.6;7.5;4.2;2.383;6
2017-08-20;19.9;14.2;11.1;10.1;6.7;7.233;6
2017-08-19;19.6;15.3;11.3;10.5;4.7;7.350;5
2017-08-18;20.9;18.2;15.1;14.5;1.8;0.533;4
2017-08-17;24.8;18;10.3;8.7;5.3;4.367;6
2017-08-16;23.8;18.4;11;9.6;0;6.133;4
2017-08-15;26.9;20.8;12.9;11.6;3.5;6.283;5
2017-08-14;22.1;15.1;5.6;3.7;0;12.883;4
2017-08-13;20.6;15.9;8.6;5.5;0;6.833;5
2017-08-12;18.7;15.4;13.3;12.2;1.2;0.617;5
2017-08-11;16.3;15.3;13.8;12.7;12;0;5
2017-08-10;21.4;16.3;8.4;6.8;0.1;3.983;3
2017-08-09;23.4;17.9;11.7;8.5;0;10.150;5
2017-08-08;24.3;18.5;10.8;8.6;2;4.433;4
2017-08-07;24.1;17.1;8;5.6;0;13.183;4
2017-08-06;21;16;8.9;6.6;1.2;11.217;5
2017-08-05;22.5;17.4;13.1;10.8;0;4.950;5
2017-08-04;22.3;18.5;15.7;14.1;0;4.550;6
2017-08-03;26.3;19.4;16.3;15.1;2.1;4.367;7
2017-08-02;24.5;18.7;13;10.8;3.4;6.317;4
2017-08-01;24.7;18.5;14.1;12.4;1.1;2.683;4
2017-07-31;26.2;19.5;13.3;11.9;0;9.050;5
2017-07-30;27.7;20.9;13.1;11.6;1.8;8.333;6
2017-07-29;20.6;16.9;14.2;13.4;4.9;1.867;5
2017-07-28;21;16.1;12.4;10.8;7.7;6.883;5
2017-07-27;23.4;17.1;10.9;8.4;0;0.667;4
2017-07-26;22.6;17.4;13;10.6;0;6.650;5
2017-07-25;17.1;15.5;13.1;12.7;24.9;0;7
2017-07-24;22.2;17.2;11.5;9.6;1.9;4.350;4
2017-07-23;22;18.1;12.8;11.5;4.8;3.417;5
2017-07-22;20.4;17.3;13.4;12.4;8.3;0.817;4
2017-07-21;23.7;18.9;13.9;11.8;0;10.050;4
2017-07-20;24.2;19.9;16.4;15.3;0.3;3.550;4
2017-07-19;26.7;19.4;8.2;6.5;8.9;13.950;5
2017-07-18;21.6;15.4;9.3;5.9;0;7.650;4
2017-07-17;21.3;15.8;10.1;6.7;0;7.083;5
2017-07-16;18.5;15.9;9.8;7.1;0.6;0.1;5
2017-07-15;21.2;16.2;10.8;7.7;0;3.633;4
2017-07-14;21.7;15.1;6.7;4.5;0.1;12.033;5
2017-07-13;18.7;14.2;9.4;7.1;0;6.550;6
2017-07-12;17;14.4;11.7;9.5;9.5;0.45;5
2017-07-11;22.4;16.6;11.9;9.3;3;1.917;5
2017-07-10;18;14.8;10.6;9.5;12.9;0.7;4
2017-07-09;22.1;15.5;7.8;4.3;0;15.667;4
2017-07-08;23.8;18.7;10.4;7.1;0.6;8.050;6
2017-07-07;25.2;19;14.5;14.4;0;3.033;6
2017-07-06;23.7;17.1;9.6;7.4;0.4;14.400;4
2017-07-05;21.5;15.9;11.8;10.2;0;4.733;4
2017-07-04;19.1;15.1;10.5;8.3;1.8;4.633;6
2017-07-03;21.8;16;9.3;6.6;2.5;9.900;6
2017-07-02;20.2;15.2;10;7.3;0.2;3.450;6
2017-07-01;19.3;15.5;13.3;12.3;2.3;0.85;5
2017-06-30;15.5;14.7;13.6;13.2;31.2;0;6
2017-06-29;22.8;17.5;14.9;14;48.1;2.583;5
2017-06-28;24.7;18.7;13.1;13;4.4;8.150;5
2017-06-27;20.6;14.5;7;3.2;0;10.417;4
2017-06-26;20.2;15.4;8.4;5.4;0;11.817;6
2017-06-25;18.8;15.5;13.2;12;0.7;0.45;6
2017-06-24;18.9;16.4;14.3;14;6.5;1.483;7
2017-06-23;20.7;17.3;15;14.5;0.8;0.733;6
2017-06-22;24;17.6;10;8.2;11.4;5.600;6
2017-06-21;22.2;15.9;8.7;6;0;12.933;4
2017-06-20;24.1;18.9;10.5;7.9;0;14.317;5
2017-06-19;29.1;22.5;13.7;11.1;0;13.450;3
2017-06-18;26.5;19.2;12.2;9.9;0;7.183;4
2017-06-17;21.9;16.7;11.5;10.4;0;12.650;5
2017-06-16;19.8;15.8;12.3;11.2;0.5;9.467;7
2017-06-15;24.7;18.3;9.4;7.2;9;10.600;4
2017-06-14;22.7;16;9.4;7.5;0;10.917;5
2017-06-13;19.1;15;10.4;7.8;0;5.783;6
2017-06-12;19.3;15.9;13.1;12.2;1.1;4.900;6
2017-06-11;27.5;20.5;13.9;12.3;3.7;9.633;5
2017-06-10;22.5;16.7;9.3;6;0;6.817;4
2017-06-09;24.5;16.7;11.3;9.9;12.1;6.150;7
2017-06-08;16.4;14.2;10.7;9.3;1;1.567;5
2017-06-07;15.7;12.3;10.1;9.1;3.1;3.267;6
2017-06-06;24.4;16.3;11.5;9.7;1;9.700;5
2017-06-05;20.7;15.3;8.4;5.2;0;15.267;4
2017-06-04;19.5;15.3;10.4;7.5;2.1;6.033;6
2017-06-03;18.8;15.7;13.6;12;20.4;1.350;4
2017-06-02;23.1;15.4;4.5;0.5;0;15.617;4
2017-06-01;20.1;13.7;6.9;2.9;0;15.167;5
2017-05-31;18.9;15.2;7.6;4.8;0;11.567;7
2017-05-30;25.9;18.2;13.8;11.9;9.8;6.200;6
2017-05-29;24.2;17.3;11.5;5.7;10.7;5.233;4
2017-05-28;27.4;20.6;11.9;6.9;0;13.367;5
2017-05-27;26.4;19.2;8.1;4.9;0;15.467;5
2017-05-26;23.8;16.6;10.6;6.1;0;11.033;4
2017-05-25;21.5;15.4;9.4;6.9;0;10.300;5
2017-05-24;18.7;13.9;10.1;8.4;0;7.950;6
2017-05-23;24.6;16.2;8;5.5;4.7;9.783;6
2017-05-22;22.2;15.4;8.3;5.4;0;10.833;4
2017-05-21;21.4;14.6;6.2;3;0;12.100;4
2017-05-20;19.2;14.2;8.4;4.6;0;7.433;5
2017-05-19;23.7;17.2;11.5;11.4;3.5;2.933;7
2017-05-18;27.6;20.2;14.7;14.1;5.9;10.850;5
2017-05-17;25.5;19.5;14.5;13.8;0;7.250;4
2017-05-16;15.1;13.7;12;11.4;8.8;0;4
2017-05-15;19.8;14.8;10.9;8.5;0.4;6.367;4
2017-05-14;21.9;15.4;7.4;4.8;4.1;10.717;5
2017-05-13;21.7;14.9;9.1;6.4;0;1.883;4
2017-05-12;20;13.3;8.9;7.9;0;3.433;5
2017-05-11;17;10.1;1.3;-1.4;0.1;14.333;5
2017-05-10;10.8;7.7;2.6;0.8;0.2;0.317;5
2017-05-09;12.7;7.1;0.5;-2.6;0.1;7.917;4
2017-05-08;10.9;8;2.8;-0.2;0.2;1.617;7
2017-05-07;19.2;11.7;3.1;0.5;0;9.233;4
2017-05-06;14.9;9.8;4;0.8;0;5.350;4
2017-05-05;8.2;7.1;6.2;5.9;5.7;0;6
2017-05-04;9.6;7.5;6.3;5.8;6.9;0;7
2017-05-03;14.2;9.7;6.6;5.5;0;6.250;6
2017-05-02;13.1;9.4;6.8;5.7;5.7;0.95;6
2017-05-01;16.4;10.5;5;3.2;0;8.350;6
2017-04-30;14.3;7.8;-0.7;-3.8;0;12.633;6
2017-04-29;10.7;5.4;0.8;-3.2;3;6.767;5
2017-04-28;12.1;7.3;2.8;-0.4;3.3;3.517;5
2017-04-27;11.3;5.5;-2.4;-6;0;5.767;5
2017-04-26;10;4.3;-0.8;-4.9;0.2;8.067;5
2017-04-25;8.9;3.5;0.4;-3.7;5.3;3.467;5
2017-04-24;11.5;6.3;2.1;0.3;4.7;0.317;6
2017-04-23;9.5;5.2;2.2;-0.9;0.7;3.933;7
2017-04-22;9.9;6.4;3.3;0.7;1.4;7.600;7
2017-04-21;14.1;9.3;5.3;3.5;1.4;0.183;7
2017-04-20;11;4.9;-3.9;-7.3;0;6.800;5
2017-04-19;7.7;2.5;-2.7;-6.7;0;8.183;5
2017-04-18;6.9;3.8;-1;-2.9;0.9;5.117;6
2017-04-17;10.3;4.9;1;-2.3;1.9;7.483;5
2017-04-16;9.7;5.5;2.1;-1;0.9;2.783;6
2017-04-15;11.1;7.2;3;1.5;3.8;4.383;9
2017-04-14;12.1;7.6;3.9;1.6;3;2.350;6
2017-04-13;11.6;7.5;4.7;2.9;1.6;3.783;7
2017-04-12;9.4;7.9;5.6;3.9;3.9;0;6
2017-04-11;11.1;7.2;3.6;1.3;1.7;4.883;6
2017-04-10;12;9.3;5.2;1.3;0.4;2.650;6
2017-04-09;18.7;10.6;0.5;-3.2;0;12.833;4
2017-04-08;13.1;9.2;2.9;-1.2;0;1.650;4
2017-04-07;11.4;9;7.1;5.2;0;0.75;6
2017-04-06;12.9;7.6;2.6;-0.7;0.1;7.450;6
2017-04-05;12.1;6.7;1.1;-3.3;0;1.867;7
2017-04-04;13.6;6.2;-1.7;-4.2;0;6.317;3
2017-04-03;13.5;8.4;0.7;-2.8;0;5.567;5
2017-04-02;16.6;11.7;7.7;4.4;0;6.433;5
2017-04-01;19.3;13.4;6.6;3.6;1.5;6.550;4
2017-03-31;21.7;14.6;7.7;4.2;0;8.117;4
2017-03-30;19.7;13.7;8.9;4.9;0;2.900;5
2017-03-29;13.8;10.4;6.6;0.4;1.3;1.200;6
2017-03-28;20.1;10.2;-1.1;-3.8;0;11.867;4
2017-03-27;17.6;8.2;-1.6;-4.5;0;11.883;3
2017-03-26;12.9;5.8;0.1;-3.1;0;8.717;3
2017-03-25;12.2;6.3;-0.1;-2.8;0;8.283;5
2017-03-24;13.2;5.1;-2.9;-6.9;0;11.533;4
2017-03-23;8;4.4;-1.2;-4.3;0;0;6
2017-03-22;12.3;5.5;-0.8;-4.6;0;11.533;5
2017-03-21;11.7;7;2.6;-1.5;1.6;6.783;7
2017-03-20;11.9;9.7;8;7.3;4.7;0;7
2017-03-19;9.3;4.1;-1.8;-5.4;15;0;6
2017-03-18;8.9;5.3;0.9;-2.2;0.4;4.117;8
2017-03-17;9.1;7;4;3;5.2;1.500;7
2017-03-16;15;8;3;1;0;4.000;
2017-03-15;11.9;8.2;5.4;3.4;0;10.117;
2017-03-14;13.6;8.2;3.6;3.3;0.1;2.183;6
2017-03-13;8.8;3.3;-2.3;-6.4;0;3.317;4
2017-03-12;8.1;2.3;-3.5;-5.5;0;4.650;5
2017-03-11;10;4.6;-0.1;-4.3;0;5.317;4
2017-03-10;10.7;6.6;2.9;-0.5;0;6.500;6
2017-03-09;9.5;5.9;3.8;1.7;6.3;0.267;5
2017-03-08;8.4;4;0.5;-0.5;1.3;0.267;5
2017-03-07;2.8;1.7;0.9;0;0;0;5
2017-03-06;8.4;3.8;0.3;-2.3;0;1.383;6
2017-03-05;10.8;6.4;0.3;-1.9;3.6;0.717;5
2017-03-04;12.2;7.3;2.6;-0.3;1.8;1.500;4
2017-03-03;10.4;5.8;1.7;0;0.7;7.233;6
2017-03-02;7.6;4.3;2;0.9;2.7;1.333;6
2017-03-01;7;4.1;1.6;-0.3;7.1;1.650;5
2017-02-28;10.1;6.6;3.5;2.5;0.9;2.333;7
2017-02-27;12.1;10;8.7;7.5;0.3;0.017;5
2017-02-26;8.8;6.9;5.2;4.3;0.6;0;5
2017-02-25;5.3;2.6;-0.1;-3;3.3;0.183;6
2017-02-24;7;2.8;0.3;-2.8;0.6;4.783;7
2017-02-23;8.5;5.9;3.8;3.8;13.3;0;8
2017-02-22;9.6;7.3;4.9;4;8.8;0;7
2017-02-21;9.8;6.6;4.1;1.6;6.5;3.500;7
2017-02-20;9.7;7.6;5.2;4.9;2.3;0;6
2017-02-19;6.2;4.6;2.3;1.4;1.4;0;4
2017-02-18;4.7;3.8;2.1;0.3;0;0;5
2017-02-17;6.9;5.4;4.5;3.7;1.2;0.15;4
2017-02-16;10.2;4.3;-3.1;-5.8;0.4;5.817;5
2017-02-15;8.6;-0.4;-7.7;-10.8;0;8.983;3
2017-02-14;4.4;-3;-9.1;-11.6;0;6.550;3
2017-02-13;1.6;-4;-8.5;-10.6;0;8.667;4
2017-02-12;1;-1.9;-6.8;-9.9;0;0.4;5
2017-02-11;-1.1;-2.6;-6;-7.4;0.1;0;5
2017-02-10;-1.7;-4.6;-6.7;-9.1;0;2.300;5
2017-02-09;-1.6;-4.2;-7.5;-10.1;0;1.567;4
2017-02-08;-2;-3.2;-5;-4.8;0;0;5
2017-02-07;0.8;-0.5;-2.1;-2.2;0;0;6
2017-02-06;3.2;1.3;-1.1;-4.1;0.1;0.867;5
2017-02-05;3;1.9;0.1;0.5;0.1;0;4
2017-02-04;6.7;4.4;1.3;-0.9;0;0.717;4
2017-02-03;2.9;1.1;0.2;0.4;0.6;0;4
2017-02-02;1.4;0.6;-0.4;-0.5;0;0;5
2017-02-01;1.6;0.6;-0.1;-0.1;0;0;5
2017-01-31;1.7;0.9;0.4;0;0;0;4
2017-01-30;3.3;1.3;0.2;0;9.8;0;4
2017-01-29;5.2;2.7;-4.2;-7;0.8;0.667;4
2017-01-28;3;-1.5;-4.8;-8.1;0.3;7.650;4
2017-01-27;2.4;-0.5;-4.7;-6.7;0;7.583;5
2017-01-26;3.2;0.2;-1.6;-3.9;0;3.900;4
2017-01-25;-0.4;-1.1;-2;-1.7;0;0;3
2017-01-24;1.5;0.4;-0.5;-0.4;0;0;4
2017-01-23;1.1;-0.4;-1.6;-3.3;0;0;3
2017-01-22;2.2;0.7;-1.2;-1.2;0;0;3
2017-01-21;5.3;2.7;-0.3;-1.9;0;0;3
2017-01-20;2.5;1.5;-0.6;-2.9;0;0;3
2017-01-19;1.6;0.1;-1.6;-2.3;0.2;0;3
2017-01-18;-0.2;-1.3;-2.1;-3.4;0;0.017;3
2017-01-17;1.5;-1.2;-3.3;-6.5;0;1.533;3
2017-01-16;1.9;-2.9;-5.9;-9.8;0;6.667;4
2017-01-15;1.6;-0.3;-4.8;-8.4;0.3;0.317;5
2017-01-14;3.2;1.1;-0.3;-2;0.1;5.633;5
2017-01-13;2.8;1;-0.5;-1.9;3.3;1.200;5
2017-01-12;5.3;2.9;0.9;0;5.5;0.9;7
2017-01-11;5.8;2.9;1.2;0.5;11.7;0.05;7
2017-01-10;1.9;1.1;-0.3;-1.2;0;0;5
2017-01-09;2.1;0.9;0.2;-0.2;0;0.767;4
2017-01-08;1.9;1.2;0.5;-0.2;0;0;3
2017-01-07;0.8;-2;-5;-5.1;1;0;5
2017-01-06;-3.1;-6.6;-10.8;-14.3;0;6.817;4
2017-01-05;-0.2;-3.6;-8.3;-12.4;0;5.117;5
2017-01-04;5.4;3.2;-0.9;-3;0.1;1.650;8
2017-01-03;7.3;4.5;1.6;-0.2;10.2;0;8
2017-01-02;2.9;1.8;-0.1;-3.1;1.2;4.950;5
2017-01-01;5.3;4;2.3;2.1;0.7;0;5
2016-12-31;3.9;1.8;-0.5;-0.4;0;0;5
2016-12-30;4.2;0.4;-1.4;-5.7;0;6.483;4
2016-12-29;5.4;3.2;-1.4;-5.3;0;5.717;4
2016-12-28;8.2;6.8;5.1;3.7;0;3.717;5
2016-12-27;8.7;7.9;6.3;4.4;0;0.15;8
2016-12-26;11.7;7.9;4;2.4;6.7;1.217;8
2016-12-25;11.6;8.6;4.2;2.7;2.5;0;6
2016-12-24;7.6;6.3;4.1;3.5;6.5;0.05;8
2016-12-23;7.1;5.9;4.6;3.4;1;0;6
2016-12-22;5.3;4;2.5;2.2;1.4;0;4
2016-12-21;4.2;2;-0.5;-1.8;3.1;1.950;4
2016-12-20;3;1.2;-0.5;-0.5;0;0;5
2016-12-19;5.8;4;1.5;-1.2;0;0;3
2016-12-18;7.5;6;4.3;3.6;0.2;0;4
2016-12-17;5.4;1.1;-0.6;-0.4;1;0;4
2016-12-16;1;-0.3;-1;-2.8;0;0;5
2016-12-15;1.7;0.7;-0.6;-0.1;0;0;5
2016-12-14;5.9;4.7;1.6;1.4;0.2;0;3
2016-12-13;6.4;4.9;3.1;2.9;2.9;0.333;3
2016-12-12;8;4.7;2.9;2.2;0.1;0.6;5
2016-12-11;8.8;7.4;6;5.5;7.7;0.233;6
2016-12-10;11.1;9.4;7.9;7.8;15.4;0;6
2016-12-09;10.3;8.5;6.8;6.1;0;0;6
2016-12-08;9.2;8.1;6.5;5.5;1.1;0.05;6
2016-12-07;8;3.5;0.7;-1.4;0.1;0;4
2016-12-06;5.3;3.1;1.7;0.7;0.2;0.083;4
2016-12-05;3.9;-0.1;-6.3;-8.6;0;6.083;3
2016-12-04;3.1;0.7;-3.9;-6.3;0;0;3
2016-12-03;-0.7;-3.2;-6.6;-9.7;0;0.367;2
2016-12-02;7.4;2.7;-4.8;-8.1;0;6.917;6
2016-12-01;9.1;8.1;6.7;5.2;1.1;0;7
2016-11-30;6.7;3.7;0.6;-0.2;4.2;0;5
2016-11-29;2.9;-1.6;-5.6;-10.6;0;7.017;5
2016-11-28;3.6;-0.1;-5.1;-9.1;0;7.083;5
2016-11-27;7.4;4;-0.7;-4.9;0;7.033;5
2016-11-26;7.5;3.2;0;0.3;0.2;0.717;5
2016-11-25;4;1;-4.1;-6.3;0.1;0;2
2016-11-24;6.7;2.3;-3.3;-5.8;0;6.800;3
2016-11-23;11.4;7.3;1.7;-1.2;0;1.467;3
2016-11-22;12.7;9.8;5.1;2.2;0;0.05;5
2016-11-21;13.4;10.6;8.9;6.9;0;0.483;5
2016-11-20;11.9;6.3;1.1;-0.9;1.8;0.967;7
2016-11-19;7.6;4.7;2.3;0;0;1.717;5
2016-11-18;10.1;6.5;2.6;1.1;6.6;1.517;6
2016-11-17;10;7.6;5.6;1.9;5.4;1.067;5
2016-11-16;10.7;7.6;3.5;-0.9;0.5;0;5
2016-11-15;10.2;5.1;1.5;0.4;0.5;0;5
2016-11-14;2.3;-0.4;-5.4;-9;1.3;5.767;4
2016-11-13;1.3;-1.3;-4.4;-6.9;0;6.383;4
2016-11-12;-0.7;-2.5;-4.5;-5.5;0;4.083;3
2016-11-11;4.5;-0.7;-5.5;-7.6;0;7.733;3
2016-11-10;1.2;0.3;-1.9;-2.1;0.1;0;3
2016-11-09;0.2;-1.7;-7.1;-8.5;0;1.250;3
2016-11-08;1;0;-2.2;-3.3;4.6;0;5
2016-11-07;4.3;2.4;0.3;0;7.3;0.017;5
2016-11-06;6.6;5.3;2.8;0.8;11.9;0;5
2016-11-05;6.5;4.9;3.2;1.5;2.7;0;4
2016-11-04;9.6;7;3.8;0.5;0.1;0.8;5
2016-11-03;6.9;3.3;-3;-4.7;4.6;5.617;4
2016-11-02;9.8;6;1.7;-0.4;1.4;4.450;6
2016-11-01;11.5;9.3;5.1;2.6;0.8;0;4
2016-10-31;13.4;10.6;6.9;6.4;1.1;0;4
2016-10-30;12.3;8.8;6.9;4.4;0.1;5.950;4
2016-10-29;12.6;8.9;5.2;1.1;0;2.533;6
2016-10-28;14.7;11;6.7;3.7;1.1;0.033;6
2016-10-27;14.5;10.9;7.2;6.9;0;1.267;5
2016-10-26;8.3;4.8;0.6;0.6;0.4;0.517;4
2016-10-25;11.7;6.7;0.4;-1.4;0;2.233;4
2016-10-24;7.3;5.2;1.5;-1.1;0;0;3
2016-10-23;9.9;7;4.3;2.5;0;0.1;3
2016-10-22;8.6;7.1;5.7;3.6;6.2;0;3
2016-10-21;10.2;7.9;5.6;3.9;0.6;0;4
2016-10-20;10.7;7.4;2.4;0.5;2;2.333;5
2016-10-19;10.9;7.4;2.9;0.3;0.1;0.433;4
2016-10-18;15;11.2;9.2;9.1;6.1;0.867;3
2016-10-17;9.6;8.9;8.2;8.3;1.9;0;5
2016-10-16;12.3;10.2;8.7;8.8;0;0;4
2016-10-15;9.3;7.8;6.5;6;1.5;0;5
2016-10-14;10.3;7.7;5.5;4.9;0;0.933;5
2016-10-13;10.6;8.1;6.8;6.5;0;0.217;6
2016-10-12;10.6;8.4;7;6.6;0.3;0.533;4
2016-10-11;10.8;9.3;8.3;8.2;0.4;0;6
2016-10-10;12.6;8.5;4.5;4.7;5.9;1.900;3
2016-10-09;10.6;7.4;2.6;1.4;1.6;0.267;3
2016-10-08;12.9;8.6;5.7;2.7;2.7;3.417;6
2016-10-07;11.7;10.1;6.7;4.4;11.4;0;5
2016-10-06;11.6;9.9;8.4;8;10.5;0;6
2016-10-05;12.5;10.3;7.8;5.2;0;4.183;7
2016-10-04;16.6;12.6;8.1;5.7;0;7.667;6
2016-10-03;17.1;12.7;8.1;6.4;0;8.000;5
2016-10-02;17.7;12.1;8.5;6.8;14.2;3.850;5
2016-10-01;14.6;11.6;6.6;4.6;0;0;4
2016-09-30;18.4;13.7;9.5;5.8;0;3.517;5
2016-09-29;22.2;17.7;13.3;12.2;2.7;3.067;7
2016-09-28;22;17.3;13.5;12.2;0;3.983;6
2016-09-27;22.1;15.6;10.3;6.4;0;8.017;4
2016-09-26;19.6;15.2;9.6;6.9;0.3;0.567;4
2016-09-25;23.1;16.6;11.2;7.9;0;10.583;5
2016-09-24;20.7;14;5.1;1.9;0;9.917;4
2016-09-23;22;14.4;8.3;3.8;0;4.717;5
2016-09-22;20.4;12.7;5.8;3.4;0;7.967;3
2016-09-21;20.5;15;6.7;4.6;0.1;4.733;4
2016-09-20;19.5;15.4;12.4;11.5;0;2.467;4
2016-09-19;18.9;14;7;2.8;0;4.783;5
2016-09-18;18.3;14.6;6.7;2.5;0;4.167;5
2016-09-17;21.3;17.9;15.1;13.5;0;6.267;6
2016-09-16;24.7;17.8;10.7;8.2;1.4;5.933;4
2016-09-15;26.8;19.5;12.8;10.1;0;11.917;5
2016-09-14;29.5;22.4;14.7;12.5;0;11.550;5
2016-09-13;31.5;22.9;14.8;12.1;0;11.883;5
2016-09-12;29.3;20.8;11.9;10.1;0;12.050;3
2016-09-11;25.3;20;14.8;12.5;0;8.217;4
2016-09-10;26.1;18.8;8.7;6.9;0;11.400;4
2016-09-09;24.4;18.4;11.2;8.5;0;7.383;5
2016-09-08;28.4;19.4;10.5;8.3;0;12.383;4
2016-09-07;24.6;17.7;11.2;8.7;0;12.250;3
2016-09-06;23.2;15.8;7.6;6.7;0;11.833;4
2016-09-05;20.3;16.1;8.4;7.5;0.6;4.817;5
2016-09-04;20.5;16.9;14.9;14.8;2.9;0.617;5
2016-09-03;22;17.4;14.4;13;7.1;2.517;5
2016-09-02;22.5;16.5;10.1;5.7;0.7;5.400;4
2016-09-01;24.7;16.9;11;7.4;0;8.817;5
2016-08-31;25.4;17.8;9.4;6.3;0;12.733;4
2016-08-30;22.4;15.6;9.7;6;0;7.800;5
2016-08-29;21.5;17;10.6;7.1;0.3;5.500;6
2016-08-28;30.9;20.9;16.3;14.9;4.8;6.550;6
2016-08-27;23.7;19.1;15.5;13.5;0.2;9.050;5
2016-08-26;32.8;24.1;17.8;16.6;0;12.883;5
2016-08-25;31.6;24.3;17.2;15.2;0;13.267;4
2016-08-24;28.4;21;11.6;9.9;0;13.167;4
2016-08-23;24.8;19.5;13.4;12.1;0;5.467;4
2016-08-22;22.8;17.4;14.7;12.9;3.4;1.367;5
2016-08-21;23.2;16.8;10.7;8.9;0.6;8.517;6
2016-08-20;23.1;18;12.5;11.2;3.9;2.683;4
2016-08-19;23.5;16.7;8.6;5.8;1.1;11.433;3
2016-08-18;20.6;15.1;10;7.3;0;3.633;4
2016-08-17;23;14.9;5.5;3.1;0;10.133;4
2016-08-16;21.7;14.9;8.6;4.7;0;12.300;5
2016-08-15;21.3;15.1;9.6;5.8;0;5.083;4
2016-08-14;21.2;16.1;11;8.5;0.6;6.017;5
2016-08-13;21.6;17.1;14.4;12.8;0.8;1.750;5
2016-08-12;19.2;16.1;13;13;0.5;0;5
2016-08-11;15.5;11.7;8;5.5;3.1;1.233;5
2016-08-10;17.8;12.6;8.5;6.4;0.5;8.317;5
2016-08-09;18.7;13.6;10.7;8.8;1.1;3.800;6
2016-08-08;22;18.2;13;12.4;0.5;5.417;6
2016-08-07;24.9;18.3;11.5;8.4;0.6;5.017;5
2016-08-06;21.6;16.6;12.9;10.1;1.8;6.800;6
2016-08-05;22.5;17.5;12.8;10.6;2.2;6.233;6
2016-08-04;22.8;18.5;15.2;13.1;0;3.850;5
2016-08-03;20.2;17.4;13.7;12.5;9.4;0;5
2016-08-02;21.7;16;9.4;6;0.8;8.767;4
2016-08-01;20.9;15.4;11.6;8.5;1.3;3.483;5
2016-07-31;20.1;16.2;12.3;9.1;0.6;1.967;4
2016-07-30;22.9;18.1;13.4;10.5;2.9;4.400;5
2016-07-29;24.7;19.8;16.2;15.4;1;4.417;5
2016-07-28;24.6;19.7;16.3;15.6;2.1;7.300;4
2016-07-27;22.5;17.9;14.4;13.1;0.1;1.983;4
2016-07-26;25.1;19.8;13.9;12.7;0.6;11.717;4
2016-07-25;28.9;22.6;16.5;14.4;0.7;5.417;4
2016-07-24;27.7;21.9;16.4;14.5;0;10.383;5
2016-07-23;26.4;20.6;13.4;11.1;0;6.683;4
2016-07-22;28.5;22.1;16.2;14.6;0;6.433;4
2016-07-21;29.1;23.5;18.5;16.9;0;9.133;5
2016-07-20;27.6;21.6;13.2;12.3;0;14.517;4
2016-07-19;24.9;18.8;14.8;12.4;0;3.733;4
2016-07-18;22.1;17.2;14.3;13.1;0;4.167;5
2016-07-17;22.8;16.9;11.8;9.3;0;2.550;6
2016-07-16;20.3;16.2;9.8;7;1.6;1.917;5
2016-07-15;17.7;14.8;10.1;7.2;0.6;0.817;6
2016-07-14;19.8;14.5;9.2;7.6;0.5;5.667;6
2016-07-13;18.5;14.4;9.4;7.9;11.4;3.400;5
2016-07-12;22.1;17;10.9;8.3;1.2;5.133;5
2016-07-11;23.1;19.8;15.7;13.6;0;4.867;6
2016-07-10;28;22.1;15.9;15.7;0;4.150;5
2016-07-09;22.4;17.4;13.8;12.5;0.1;5.267;6
2016-07-08;22.4;17;14;12.9;11;2.033;5
2016-07-07;21;16.2;8.9;6;0;7.367;5
2016-07-06;18.5;14.4;10.7;8.8;0;4.700;7
2016-07-05;23;16.4;10.8;9.3;7.5;4.733;7
2016-07-04;22.1;15.4;8.7;5;0;3.967;5
2016-07-03;20.1;14.3;9.1;7.3;0.7;11.900;5
2016-07-02;19.6;15.2;9.7;8.7;5.2;1.767;5
2016-07-01;21.3;18.1;16.2;15.6;4.2;0.5;5
2016-06-30;21.2;17.5;14.1;13.3;0.1;1.950;5
2016-06-29;21;16.2;12;10.8;0.6;4.233;5
2016-06-28;20.1;15.7;11.5;10.3;5.8;5.200;4
2016-06-27;22.5;16.5;11.2;9.7;1.1;7.217;5
2016-06-26;21.7;16.8;10.8;8.9;0;8.650;6
2016-06-25;22.8;19.3;15.3;15.2;20.5;0.65;6
2016-06-24;26.9;21.9;17.6;17.4;7.3;3.767;8
2016-06-23;31.8;24.7;14.2;12.2;20;12.167;5
2016-06-22;25.5;20.1;12.3;11.1;0.1;8.033;5
2016-06-21;22.6;17.2;12.5;11.2;0.2;4.633;5
2016-06-20;22.4;14;6;4;6.1;11.000;5
2016-06-19;18.1;14.3;8;5;0;4.600;5
2016-06-18;22;16.2;10.8;8.1;2.3;10.783;5
2016-06-17;18.7;15.3;11.9;10.3;15;1.400;4
2016-06-16;22.2;16.6;11.4;10.5;0;4.967;4
2016-06-15;20.5;15.4;9.8;8.1;4.2;3.717;4
2016-06-14;19.1;15.4;12;10.1;4.6;1.450;3
2016-06-13;20;15.1;11.5;11.4;2.4;0.533;4
2016-06-12;14.2;12.6;10.6;10;2.3;0;4
2016-06-11;20.2;14.5;6.7;3.2;0.3;10.917;5
2016-06-10;21.2;14.8;8;5.4;0;8.267;6
2016-06-09;22.4;16.4;9.1;6.8;0;10.033;5
2016-06-08;20.5;15.6;10.7;8.4;0;3.600;5
2016-06-07;27.8;18.9;9.3;7.7;0;13.500;4
2016-06-06;26.3;19.1;10.8;7.4;0;15.783;5
2016-06-05;27.9;20.5;10.8;7.6;0;15.550;4
2016-06-04;26.1;19.8;12.1;8.9;0;15.450;5
2016-06-03;24.7;18.8;13;10.3;0;11.900;5
2016-06-02;24;17.9;14.3;13.1;4.8;6.533;5
2016-06-01;21.2;17.4;14.5;13.2;0;10.750;7
2016-05-31;23.2;17;13.8;12.9;0.4;3.267;4
2016-05-30;26.1;18.9;14.3;12.3;2.2;9.117;5
2016-05-29;19;15.2;12.8;13.2;0;3.217;5
2016-05-28;21;15.3;7.1;5.2;0;14.533;5
2016-05-27;18.1;14.1;9.9;7.3;0;4.950;4
2016-05-26;14.7;13.9;13.1;12.8;2.6;0;3
2016-05-25;17.2;14.1;11.6;11.7;0;0;3
2016-05-24;15.5;13.8;11.7;12.3;0;0;5
2016-05-23;22;16.9;14.4;13.5;7.6;1.567;4
2016-05-22;28.2;20.4;13.8;11.6;7.5;10.833;6
2016-05-21;22.9;17;9.7;7.6;0;5.700;5
2016-05-20;19.4;14.6;11.4;9.5;0.4;1.850;5
2016-05-19;23.2;15.9;5.5;3;0;12.467;4
2016-05-18;19.6;12.7;2.5;0.1;0;7.183;4
2016-05-17;13.3;9;3.9;-0.2;0.1;0.7;6
2016-05-16;14.5;8.9;3.6;1.2;0;10.133;6
2016-05-15;12.1;7.6;3.7;2;2.9;6.283;7
2016-05-14;13.7;8.9;4.9;3.7;5.2;6.450;6
2016-05-13;21.3;14.3;6.7;2.1;0;12.800;6
2016-05-12;19.5;13.9;10.2;7.9;0;14.500;6
2016-05-11;25.3;17.5;9;4.5;0;13.400;6
2016-05-10;24.4;17.6;8.3;4.5;0;14.583;5
2016-05-09;25.5;17.7;7.3;3.9;0;14.433;6
2016-05-08;24.5;17.7;7.7;4.8;0;14.467;6
2016-05-07;24.4;18.1;11.5;6.3;0;14.533;5
2016-05-06;23;15;3.6;1;0;14.367;5
2016-05-05;17.1;9.6;-0.9;-4.4;0;14.400;5
2016-05-04;15;8.4;1.6;-2.2;0;11.500;4
2016-05-03;14.8;10.2;3.9;0.7;2.9;3.367;5
2016-05-02;19.6;11.5;0.6;-2.4;0;12.317;4
2016-05-01;14.5;8.6;2.7;-0.8;0;8.717;5
2016-04-30;12.2;7.3;1.1;-1.6;0;2.150;5
2016-04-29;13.1;7.5;-0.3;-2.6;0;4.183;6
2016-04-28;10.3;5.4;3.2;-0.7;2.5;4.100;6
2016-04-27;8;3.8;0.7;-0.2;1.5;1.517;5
2016-04-26;7.2;3.4;1.1;-1.3;2.8;2.367;6
2016-04-25;6.8;2.8;-1.9;-5.8;6.4;2.617;5
2016-04-24;6.6;2.9;-0.7;-4.2;2.5;3.833;4
2016-04-23;12.1;5.1;-0.5;-4.4;0.9;7.433;6
2016-04-22;13.1;7.3;2.3;-0.9;0;8.183;5
2016-04-21;14.9;7.6;-0.1;-4.9;0;13.283;5
2016-04-20;12.6;8.1;1.5;-2.1;0;9.817;
2016-04-19;11.7;8.5;6.4;4.6;0.3;5.400;
2016-04-18;11;7.2;1.4;-3;0.1;1.550;7
2016-04-17;12;7.3;2.3;-2.2;0.1;8.817;7
2016-04-16;14.9;10;4.5;2.3;0.7;4.567;7
2016-04-15;10.8;8.1;4.9;3;7.5;0.117;8
2016-04-14;13.5;8.5;4.8;1.2;0;5.550;4
2016-04-13;13.7;8.5;4.2;1.8;2;3.550;6
2016-04-12;13;8;5.2;2.1;3.9;2.917;5
2016-04-11;13.1;7.8;-0.3;-3.6;1.4;9.217;6
2016-04-10;14.7;8.5;2.9;-0.2;0;9.667;5
2016-04-09;14.2;7.2;-0.6;-3.3;0;9.483;5
2016-04-08;11.7;7;3.3;0;0.1;2.483;5
2016-04-07;11.9;7;3.4;1.7;0.5;6.300;7
2016-04-06;14.1;10.1;7.2;5.3;1.3;1.933;6
2016-04-05;13.1;10;6.1;2.9;5.8;0.167;5
2016-04-04;21.6;13.8;8.2;5.2;0;2.633;6
2016-04-03;18.4;11.7;5.2;2.8;0;4.883;5
2016-04-02;15;8.6;3.5;-1.3;0;9.383;5
2016-04-01;12;6;-0.7;-6.2;0;12.100;4
2016-03-31;11.1;6.4;2.7;-0.2;0;4.767;7
2016-03-30;10.7;6.1;3.2;1.3;2.1;2.683;7
2016-03-29;11.9;7.2;3.6;0.8;3.5;4.600;6
2016-03-28;13;8.6;4.6;2.2;0.5;5.417;6
2016-03-27;12.4;7.7;5.5;3.6;1.8;1.833;6
2016-03-26;14.1;7.6;2.5;-1.7;0;7.317;5
2016-03-25;8.5;6.8;5.3;2.3;2.3;0;4
2016-03-24;9.2;3.3;-3.5;-7;0.6;1.683;4
2016-03-23;10.7;5.5;-0.7;-6.1;0;4.683;5
2016-03-22;9.1;6;1.7;-3.2;0.1;0.833;5
2016-03-21;9;6.3;4.9;2.7;0.7;0.183;6
2016-03-20;9;6.3;3.3;-0.7;0.1;0.6;6
2016-03-19;9.4;4.9;1.7;2.1;0;1.850;6
2016-03-18;8;5.1;3.3;3.2;0;0;4
2016-03-17;12.6;4;-4.3;-8.2;0;10.133;5
2016-03-16;9.2;3.4;-2;-6.8;0;11.100;5
2016-03-15;7.6;4.6;2.3;0.6;0.2;3.917;5
2016-03-14;7.4;3.7;0;-0.1;0;0.35;4
2016-03-13;3.7;0.6;-3.5;-7.3;0;0.05;5
2016-03-12;3.9;1.6;-3.1;-5.6;0;0;5
2016-03-11;6.1;2.5;-2.1;-5.3;0;1.133;6
2016-03-10;7.4;2.2;-4.1;-8.3;0;0.667;5
2016-03-09;8.5;3.1;-2.5;-7;0;9.917;5
2016-03-08;6.5;1.9;-3.8;-7.6;0;4.900;4
2016-03-07;6.7;3;-2.5;-6.8;0;2.283;4
2016-03-06;7.2;4;2.2;1;0;1.150;5
2016-03-05;5.1;3.9;2.7;2.1;1.5;0;5
2016-03-04;5.8;2.5;-1.2;-3.7;0.7;1.083;5
2016-03-03;7.6;3.3;-1.3;-4.1;0.4;1.483;5
2016-03-02;8.5;3.2;-2.3;-4.8;1.2;0.75;7
2016-03-01;3.5;0;-5.7;-9.1;1.4;3.450;5
2016-02-29;3.6;-0.6;-4.1;-7.8;0;3.517;5
2016-02-28;5.2;-1.2;-5.3;-8;0;4.400;5
2016-02-27;4.7;-0.1;-4.8;-7.3;0;6.200;5
2016-02-26;3.3;1.4;-3.7;-5;0.2;0.567;5
2016-02-25;4;1.5;-0.1;-1.5;1;0.717;5
2016-02-24;6.2;2.3;0;-2.2;0.8;4.683;6
2016-02-23;7.7;4.3;1.9;-0.1;1.1;3.317;6
2016-02-22;9.2;5.9;3.8;2;1.3;0;7
2016-02-21;10.8;7.5;4.9;4.5;19.1;0;7
2016-02-20;6.5;3.7;0.4;-0.9;7.6;0;6
2016-02-19;2.6;0.4;-4.5;-7.6;0.1;0;4
2016-02-18;1.2;0;-2.7;-5.7;0;0;5
2016-02-17;3.3;-0.1;-6;-8.5;3.3;6.933;5
2016-02-16;3.8;-0.4;-5.1;-7.4;0;7.883;4
2016-02-15;2.5;1.1;0;-0.4;0.1;0;6
2016-02-14;3.4;1.5;-0.3;-1.1;18.3;0;6
2016-02-13;4.1;0.6;-1.2;-1;0;1.583;5
2016-02-12;5.8;2.4;-0.9;-2.7;1;1.483;4
2016-02-11;5.2;4.1;2.1;1.9;6.7;0;5
2016-02-10;5.4;3.6;0.4;0;6.1;0.117;7
2016-02-09;8.1;6.5;1.5;1.1;9.6;2.250;7
2016-02-08;9.9;7.3;5.2;3.6;2.6;1.217;7
2016-02-07;12.2;7.8;4.9;3;0;0.733;6
2016-02-06;10.4;8.6;6;3.3;0;0;5
2016-02-05;7.6;3.9;0.1;-2.7;2.3;0;4
2016-02-04;4.7;2.6;-0.1;-3.8;2.8;0.317;6
2016-02-03;6.7;4.8;2.1;-0.3;0.8;3.850;8
2016-02-02;9.7;8.2;5.5;4.1;0.6;0.283;9
2016-02-01;11.2;7.2;2.5;-0.8;5.8;0;7
2016-01-31;5.4;3.7;1.8;0.6;2.3;2.267;6
2016-01-30;9.9;6.7;2.9;1.1;13.6;0;6
2016-01-29;9.8;6.6;3.3;1.7;0.3;0;7
2016-01-28;11;6.7;3.3;1.8;0.1;3.617;7
2016-01-27;11.4;10.1;8.2;7.5;3.6;0;6
2016-01-26;10.3;8.9;7.6;6.4;1.1;0.633;7
2016-01-25;10.1;8.5;6.8;5.6;0;0;4
2016-01-24;6.8;4.8;3.6;2.8;3.3;0.167;4
2016-01-23;4.5;0.8;-4.2;-4;0.1;0;4
2016-01-22;-2.6;-5.4;-7.5;-7.3;3.1;5.600;5
2016-01-21;-2.9;-4.9;-6.9;-7.2;0;0;3
2016-01-20;-0.1;-1.3;-3.2;-5.1;0;0;4
2016-01-19;-1.1;-3.9;-6.7;-8.1;0.4;0;5
2016-01-18;-1.4;-5.2;-9.1;-12.5;0;0.267;3
2016-01-17;-0.7;-3.4;-9.3;-12.6;0;3.567;5
2016-01-16;0.4;-0.8;-4.7;-7.4;1.2;0;3
2016-01-15;1.4;0.4;-0.6;-1.9;0.6;0.083;4
2016-01-14;2.9;1.6;0.2;-1.2;0.9;0.45;4
2016-01-13;3.6;2.2;0.9;0.1;0.8;0.133;6
2016-01-12;5.4;3.2;2;0.9;2.4;0.05;4
2016-01-11;2.7;1.7;0.5;-1.4;0.9;0.283;4
2016-01-10;3.4;1.3;-0.6;-3;7.9;0;5
2016-01-09;3.3;1.1;-2.7;-6.2;0;2.800;4
2016-01-08;4.1;1.7;-2.4;-2.4;3.5;0;8
2016-01-07;-2.4;-5.9;-11;-14.1;4.3;0;5
2016-01-06;-4.6;-8.8;-11.9;-14.6;0;5.717;4
2016-01-05;-6.3;-7.3;-8.8;-9.5;0;0.217;5
2016-01-04;-6.9;-8.1;-10;-10.4;0;0.133;6
2016-01-03;-5.3;-6.8;-8;-8.6;0;0;6
2016-01-02;3.3;-1;-5.9;-5.6;0;0;6
2016-01-01;4.2;2.5;-2;-4;0;0.7;3
2015-12-31;2.9;1.1;-0.3;-1.5;4;0;6
2015-12-30;5.2;3.7;0.6;-0.7;0;0;6
2015-12-29;5.7;4.8;3.5;2.2;0;1.617;6
2015-12-28;5.5;3.6;-1.6;-2.9;0;0.167;5
2015-12-27;13;10.5;3.7;-0.3;1.5;0.333;6
2015-12-26;14.3;13;9.3;8.8;1.4;0;7
2015-12-25;10.3;7.8;6.1;4.9;0.9;6.117;7
2015-12-24;12;8.2;4.6;2;0.3;4.233;5
2015-12-23;13.6;10.5;5.2;3.7;0.9;1.183;8
2015-12-22;13.4;10.6;7.8;6;1.2;0;7
2015-12-21;11.2;10.2;8.5;7.4;6.4;0.467;8
2015-12-20;12;10.9;9.3;7.8;0.2;0;4
2015-12-19;12.8;11.4;9.6;8.2;0;1.183;5
2015-12-18;12.6;11.7;11;9.3;1;0.183;6
2015-12-17;12.6;11.5;9.7;9.3;0.5;0;4
2015-12-16;9.6;5.9;3.1;3;1.1;0;4
2015-12-15;5.7;3.8;2.1;0.6;0;0;4
2015-12-14;3.8;1.3;-3.6;-5.1;0;0;4
2015-12-13;10.3;4.6;-2.3;-4.3;0;3.933;7
2015-12-12;7.5;5.4;3.5;2.9;15.6;1.950;6
2015-12-11;7.8;5.4;3.6;1.5;1.7;0;6
2015-12-10;7.5;5.4;3.5;2.1;1.4;3.683;5
2015-12-09;9.8;7.7;3.9;2.6;0;1.333;5
2015-12-08;11.9;9.4;6.9;3.9;1.5;5.183;4
2015-12-07;10.3;8.6;5.4;4.1;0;0;5
2015-12-06;11.7;9.4;6.9;5.5;1.7;0.95;7
2015-12-05;9.4;8.8;8;6.6;0;0.033;6
2015-12-04;9.8;8.4;6;5;0.4;0.483;7
2015-12-03;10.4;9.2;7.2;6.2;0;0.567;4
2015-12-02;10.9;9.9;6;5.8;0;0;5
2015-12-01;7.1;5.4;3.1;1.7;2.2;0.35;5
2015-11-30;6.7;4.6;2.1;0.3;3.4;0.517;7
2015-11-29;10.5;7.6;4;3.4;8;0;8
2015-11-28;7.1;3.9;1.6;1.3;6;1.933;5
2015-11-27;5.7;2.5;0.1;-4.4;0.2;2.933;5
2015-11-26;7.3;3.2;0.2;-4.6;0;7.150;4
2015-11-25;5;3.3;1.3;-0.2;0.3;0;4
2015-11-24;4.4;2.6;1.4;1;1.6;0;6
2015-11-23;4.2;1.8;-0.5;-3.7;0;7.200;4
2015-11-22;1;-0.1;-2;-5.4;6.7;0.1;5
2015-11-21;5.7;4.3;0.8;-0.3;1.1;0;5
2015-11-20;8.3;7.3;5.6;5.3;1.5;0.267;6
2015-11-19;11.5;10;8;6.8;5.8;0.75;8
2015-11-18;14;11.1;9.8;8.5;6.7;0.483;8
2015-11-17;13.8;10.6;9;8.3;9.6;0.017;6
2015-11-16;12.6;10.9;8.6;8.1;2.9;0.017;5
2015-11-15;8.8;8;6.8;6.4;24.3;0;4
2015-11-14;8.3;7;5.8;4.4;7.4;1.033;7
2015-11-13;14.1;10;6.7;5.1;1.2;2.683;8
2015-11-12;14.8;11.4;6.9;2.6;0;4.483;6
2015-11-11;15;13.4;11.8;11.2;0.1;0;5
2015-11-10;15.9;14.2;11.4;11.1;4.8;0;7
2015-11-09;14.5;12.4;10.3;9.7;4;1.367;6
2015-11-08;14.9;12.2;9.8;7.4;5.9;5.267;7
2015-11-07;16.9;15.2;13.2;12.8;3.8;0;7
2015-11-06;14;12.6;11.2;10.7;9.5;0;4
2015-11-05;14.5;10.6;7.2;6.1;6;1.133;3
2015-11-04;8.2;4.2;0.1;0.5;0.1;6.033;3
2015-11-03;6.1;3.8;1.6;2.1;0;0;3
2015-11-02;8.1;7.1;5.7;5.9;0;0;3
2015-11-01;14.1;7.4;2.4;-0.7;0;6.167;3
2015-10-31;12.8;9.5;6.5;5;0;7.217;5
2015-10-30;12.8;8.4;6.3;6.1;0;1.533;4
2015-10-29;12.5;6;0.5;-1.3;0;5.050;3
2015-10-28;11.9;6.5;1.7;-0.5;0;7.400;4
2015-10-27;12.5;6.4;0.1;-2.9;0;8.917;4
2015-10-26;12.5;5.1;-0.4;-2.4;0;7.583;4
2015-10-25;14.8;9.8;2.7;-0.4;0;4.550;5
2015-10-24;12.8;9.8;6.1;2.8;0;3.400;3
2015-10-23;15.3;10.5;4.3;2.2;0;4.750;5
2015-10-22;12.7;10.7;9.2;8.1;0.2;0;6
2015-10-21;12.1;9.8;7.3;6;0;0.183;4
2015-10-20;12.1;8.8;6.8;6.5;0;0.233;3
2015-10-19;12.9;9.1;5.3;2;0;6.433;4
2015-10-18;9.6;8.6;7.7;7.7;4.1;0;3
2015-10-17;9.8;8.6;7.6;7.6;3.2;0;3
2015-10-16;8.9;7.7;6.3;6.2;10.6;0;3
2015-10-15;9.5;7;5.8;5.7;2.5;0;5
2015-10-14;7.8;5.9;4.4;4.2;5.1;0;5
2015-10-13;8.1;4.5;-1.5;-3.3;0;0.05;3
2015-10-12;8.9;3.2;-1.5;-4.3;0;9.033;5
2015-10-11;10.5;3.9;-1.9;-4.6;0;10.083;5
2015-10-10;10.2;5.7;0.1;-3.9;0;9.767;5
2015-10-09;12.1;9;5.2;3.1;1.3;0;3
2015-10-08;11.1;10.1;8.3;8.2;0.8;0;3
2015-10-07;14.3;12.9;10.9;10.9;10.8;0;5
2015-10-06;15.8;13.6;10.5;9.2;0.6;0;6
2015-10-05;18.4;11.6;4.1;2.8;0;6.733;4
2015-10-04;18.9;11.5;4.8;3;0;8.950;4
2015-10-03;17.7;8.9;0.9;0.1;0;8.800;4
2015-10-02;16.9;8.8;3.2;1.6;0;5.283;3
2015-10-01;17.6;9.2;2.1;-0.9;0;8.533;4
2015-09-30;16.6;8.8;2.3;-0.7;0;9.417;4
2015-09-29;16.8;9.4;3.3;0.5;0;7.183;5
2015-09-28;17.6;9.1;2.9;-0.2;0;7.350;3
2015-09-27;17.1;10.2;4.5;1.1;0;9.767;4
2015-09-26;17;11;4.4;1.3;0;7.150;4
2015-09-25;17.3;12.1;5.9;3;0;6.233;4
2015-09-24;17;13.4;9.3;7;0.3;3.967;5
2015-09-23;16.3;12.3;9.5;6.4;0;3.750;4
2015-09-22;15.6;13.4;11.6;10.7;0.3;0.1;4
2015-09-21;14.4;11.8;7;3.8;0.4;0.033;3
2015-09-20;16.4;12.3;8.4;5.1;3.8;5.317;6
2015-09-19;16.1;12.8;9.3;6.3;2.6;0.9;3
2015-09-18;19.4;14.6;10.4;7.7;1.9;8.533;5
2015-09-17;18.7;17;13.5;12.9;0.7;0.367;6
2015-09-16;17.3;14.3;10.7;9.4;3;0;5
2015-09-15;16.8;13.6;10.7;9.3;0.2;5.483;6
2015-09-14;19;16.6;14;13;14.3;2.650;5
2015-09-13;20.7;17;14.6;14.3;1.5;1.350;4
2015-09-12;20.3;14.9;6.7;5.8;6.6;6.050;5
2015-09-11;16.3;12.6;8.1;5.1;0.5;0.55;5
2015-09-10;20;12.9;4.6;1.2;1.7;8.733;5
2015-09-09;18.6;11.9;4.9;1.6;0;10.600;5
2015-09-08;19.4;13;7.8;4.1;0;7.083;5
2015-09-07;18.5;12.9;8.1;5.2;0;11.583;5
2015-09-06;18.8;13.7;8.8;6.3;0;6.000;6
2015-09-05;16.7;13.1;10.6;9.1;9.1;3.950;7
2015-09-04;17.1;13.5;7.9;5.9;0.7;0.867;5
2015-09-03;18.3;13.2;8.7;5.3;1.9;5.450;4
2015-09-02;19.7;14.7;8.7;5.5;0;8.700;6
2015-09-01;21.9;17.5;12.8;11.3;0.5;0.483;5
2015-08-31;26.9;20.1;15.4;14.4;0;8.600;4
2015-08-30;22;16.7;10.5;9;6.5;3.433;3
2015-08-29;23.4;16;8.3;6.3;0;8.683;4
2015-08-28;20.8;16;12.3;9.9;2;5.333;4
2015-08-27;21.4;17.5;13.5;13.2;7.5;0;5
2015-08-26;24.9;19.5;13.5;11.7;0.6;7.833;5
2015-08-25;21.6;17.7;15.1;13.9;1.9;4.217;6
2015-08-24;24.6;19.1;13.6;10.8;0;2.533;5
2015-08-23;25.1;17.9;10.1;6.4;0;11.083;6
2015-08-22;25.9;17.8;8.9;6.1;0;13.350;5
2015-08-21;25.6;17.4;8.4;5.8;0;13.517;4
2015-08-20;22.9;16.1;11.3;7.8;0;7.050;4
2015-08-19;18.5;15.8;11.7;10;0;0;4
2015-08-18;20.4;17.5;15.6;15;0.9;0;4
2015-08-17;22.5;19.8;17.7;17.5;2.1;0;6
2015-08-16;24.8;19.6;15.6;14.2;7.2;3.800;4
2015-08-15;24.7;20.8;16.3;14.7;0;1.867;3
2015-08-14;31.4;23.1;15.9;14.3;1.9;7.900;5
2015-08-13;23.3;17.9;10.7;9.3;0;13.900;5
2015-08-12;21.3;18.4;13.5;10.7;0;2.617;4
2015-08-11;25.4;20.1;16.6;16.3;0.2;6.550;6
2015-08-10;26.1;19.2;12.8;12;21.1;4.283;4
2015-08-09;22.8;17.3;10.1;8;0;13.717;5
2015-08-08;23.2;18.5;13.6;11;2.1;2.317;5
2015-08-07;24.3;20.2;16.7;14.6;3;4.533;4
2015-08-06;30.4;22.3;10.8;9.5;0;13.917;4
2015-08-05;24.5;18.6;12.5;10.8;0;13.167;4
2015-08-04;32.5;23;16.1;16;7.4;9.433;7
2015-08-03;30.1;21.2;8.5;6.7;0;14.467;4
2015-08-02;24.4;17.3;9.6;7.3;0;14.117;4
2015-08-01;21.2;13.5;4.3;2.5;0;11.583;4
2015-07-31;18.1;13.1;5.7;2.5;0;5.367;5
2015-07-30;17.1;13.3;12.1;11.6;2.7;0.183;6
2015-07-29;18.3;14;10.4;10.5;15;3.550;7
2015-07-28;17.7;15.1;12.1;10.9;9.6;0.617;6
2015-07-27;19.6;15.3;12.7;12;9.1;0.817;5
2015-07-26;20;15.8;12.3;11.8;0.6;7.867;7
2015-07-25;26.2;17.8;13.4;13;10.9;4.567;7
2015-07-24;24.1;16.9;6.7;4;13.1;9.233;5
2015-07-23;20.2;16.2;8.9;5.6;0;5.133;5
2015-07-22;26.9;20.4;13.1;11.2;0;11.383;5
2015-07-21;25.2;20.1;13.2;10.4;1.6;10.050;6
2015-07-20;21.8;16.7;11.4;9.9;0;8.500;5
2015-07-19;15.3;12.9;9.1;6;4.7;0;5
2015-07-18;24.6;18.9;10.1;6.9;0;8.967;6
2015-07-17;30.8;20.1;8.5;6.6;6.3;11.433;5
2015-07-16;22.8;17.2;10.6;8.4;0;5.933;5
2015-07-15;22.8;17.4;11.2;8.4;0.2;9.717;4
2015-07-14;20.6;16.7;12.5;11;1.8;0.717;3
2015-07-13;22.4;17.1;14.8;14.7;0.8;2.633;5
2015-07-12;21.4;16.9;11.6;9.3;15.9;0.017;5
2015-07-11;24.2;15.8;6;3;0;9.267;4
2015-07-10;19.1;14.2;7.9;3.5;0;10.067;7
2015-07-09;17.4;13.4;10.9;9.6;0.4;6.367;8
2015-07-08;20.1;16.6;12.8;11.8;3;4.583;7
2015-07-07;27.9;20;10.8;7.8;1.8;8.150;5
2015-07-06;24;19.2;12.1;9.2;0;10.467;6
2015-07-05;31.6;24.6;17;15.2;1.4;6.567;6
2015-07-04;34.7;25;15.8;12.7;2.8;12.567;6
2015-07-03;31.5;24.2;17.3;13.7;0;9.950;4
2015-07-02;31.6;24.2;15.7;13.7;0;15.583;6
2015-07-01;27.6;20;9.1;5.3;0;15.633;5
2015-06-30;24;17.8;10.7;6.9;0;14.083;4
2015-06-29;25.6;19.1;13.8;10.8;0;8.650;5
2015-06-28;23.7;16.9;9.8;5.9;0.5;10.067;5
2015-06-27;25;18.2;12.5;11.3;0;4.267;6
2015-06-26;21.9;17.6;13.2;12.1;0;3.450;3
2015-06-25;22.3;16.8;12.8;12.2;0.1;2.950;4
2015-06-24;16.8;13.1;10.3;9.9;0;0.617;5
2015-06-23;19.4;13.9;9.9;9.5;0.1;4.550;5
2015-06-22;15.3;12.4;10.2;10.1;1.6;0.367;5
2015-06-21;18.9;14;7.3;2.4;7.6;1.967;4
2015-06-20;19.5;13.6;8.3;3.5;0;5.450;6
2015-06-19;16.7;12.4;9.5;8.9;0;1.050;6
2015-06-18;18.2;13.2;9.6;8.8;2.2;2.000;5
2015-06-17;19.8;13;3.4;-2;1.4;5.900;5
2015-06-16;16.9;11.7;5.3;-0.8;0;2.833;5
2015-06-15;16.6;11.2;4.9;0.3;0;6.250;6
2015-06-14;17.6;14.7;10.1;9.2;0;1.067;5
2015-06-13;28.7;19.6;12.6;8.6;1.8;5.433;6
2015-06-12;26.2;17.6;6.8;4;0;15.433;5
2015-06-11;22.2;14.4;4.8;-0.1;0;15.133;4
2015-06-10;20.6;13.6;3.7;-0.9;0;15.517;5
2015-06-09;18.2;12.5;5.5;0.9;0;8.983;5
2015-06-08;17.7;12;4.7;-0.6;0;7.183;5
2015-06-07;21.2;13.7;5;-0.2;0;13.933;5
2015-06-06;24.5;18.6;6.3;0.9;0;9.400;6
2015-06-05;28.3;19.4;6.4;3.4;0;13.483;5
2015-06-04;20;12.5;4.1;-0.8;0;15.083;5
2015-06-03;18.1;14.7;6.5;1.7;0;8.400;7
2015-06-02;19.4;15.7;10;8.2;0;0.95;7
2015-06-01;17;12.9;7.8;5.8;0;6.533;6
2015-05-31;18.8;13;5.5;3.5;2.5;2.100;5
2015-05-30;14.8;10.5;5.6;1.7;1.9;6.600;6
2015-05-29;18;11.8;3.6;-0.8;0;9.200;5
2015-05-28;17.2;11.7;4.7;0.2;2.2;2.300;6
2015-05-27;15.9;10.9;5.4;1;0;2.100;5
2015-05-26;16.1;10.5;5.4;0.7;0.3;5.200;6
2015-05-25;16.5;10.8;5.5;0.9;0;0.7;5
2015-05-24;19.3;11.9;3.2;-1.3;0;12.600;4
2015-05-23;16.7;11.8;6.1;1.3;1.1;5.300;4
2015-05-22;19.9;12.9;2.8;-0.9;0;5.700;4
2015-05-21;15.3;9.6;3.3;-1.2;0;8.000;5
2015-05-20;16.2;10.2;4;-0.7;0;9.700;5
2015-05-19;16.3;10.7;5.3;1.6;1;6.200;6
2015-05-18;16.4;11.4;7.2;6.7;2.3;0.6;5
2015-05-17;15.3;10.2;6.1;3.8;0;9.600;7
2015-05-16;12.3;8.4;2.9;-1.6;0;0.1;6
2015-05-15;16.1;9.6;3;-1.8;0;5.800;4
2015-05-14;14.5;10.3;7.9;7.4;0;1.800;5
2015-05-13;15.6;11.2;6.7;4.6;0;6.900;7
2015-05-12;22.7;14.1;7.6;5.4;0.1;4.900;7
2015-05-11;21.5;13.8;2.5;0.8;0;7.300;5
2015-05-10;15.2;10;3.4;0.6;0;6.700;7
2015-05-09;18.3;12.2;9.1;7.7;1.9;2.000;7
2015-05-08;15.3;9.9;1.2;-1.1;0;7.300;4
2015-05-07;15.8;11;5.6;1.1;1.3;5.300;6
2015-05-06;19.2;12.7;5.1;2.4;1.1;8.600;6
2015-05-05;22.6;15.9;9.4;5.7;8.6;4.400;8
2015-05-04;19.9;14.9;10.6;8.4;0.6;4.400;5
2015-05-03;18.8;11;-0.2;-3.8;9;8.900;6
2015-05-02;14;7.4;1.1;-2.6;0;5.700;4
2015-05-01;13.2;7.4;1.8;-1.7;1.8;5.000;4
2015-04-30;12.6;8.1;3;0.9;2.9;3.300;7
2015-04-29;14.1;8.7;0.8;-3.3;0;9.500;5
2015-04-28;12.8;6.3;-0.4;-4.6;0;9.200;6
2015-04-27;12.6;8;2.2;-2.2;1.3;1.500;5
2015-04-26;14.3;10.2;6.7;4.6;8.7;0;5
2015-04-25;15.9;11.8;5.8;0.2;2.1;0;5
2015-04-24;18.7;11.1;6;0.7;0;7.900;5
2015-04-23;17.2;9.5;3.8;-1.3;0;7.800;5
2015-04-22;15;9.7;4.6;-1.4;0;9.200;4
2015-04-21;18.7;10.3;2.1;-2.9;0;13.200;6
2015-04-20;16.9;9.6;1.3;-3.2;0;12.900;5
2015-04-19;13.7;7.7;2.4;-2.7;0;10.900;4
2015-04-18;13;7;-0.7;-6.5;0;9.900;5
2015-04-17;12.7;7;1.3;-3.4;0;8.700;6
2015-04-16;12.7;7.4;3.3;-1.7;0;6.900;6
2015-04-15;20.7;12.9;7.4;5.2;0;11.400;7
2015-04-14;15.8;7.8;-0.3;-5.4;0;0.4;6
2015-04-13;11.4;7.5;0.8;-4.2;0;8.600;8
2015-04-12;14.4;9.7;4.7;3.4;0.1;8.500;9
2015-04-11;20.9;11.3;2.9;-0.7;2.8;8.000;7
2015-04-10;18.4;9.9;0.1;-2.6;0;9.900;3
2015-04-09;16;8.4;2.9;-1;0;8.500;4
2015-04-08;15.3;9.2;4.4;0.9;0;6.100;5
2015-04-07;10.9;4.7;-3;-7.4;0.1;0.1;6
2015-04-06;10.2;4.9;-2.1;-6.6;0;11.900;5
2015-04-05;10.9;4.6;-2.2;-6.9;0;11.000;5
2015-04-04;10.4;3.8;-2.2;-5.6;0;8.000;5
2015-04-03;9.6;5.2;-0.7;-3.8;0;4.900;6
2015-04-02;7.9;3.5;0.4;-0.7;3;7.400;7
2015-04-01;7.8;4;1.4;-0.5;5.3;5.600;8
2015-03-31;8.9;4.6;0.3;0;6.8;0;10
2015-03-30;7.9;5.1;3.7;2.2;9.6;1.500;9
2015-03-29;10.5;8.7;4.5;4;13.1;0.3;8
2015-03-28;10.5;7.1;4.2;3.3;2.4;1.200;5
2015-03-27;8.9;6.1;4.4;3.5;1.7;0.5;5
2015-03-26;8.3;5.9;4.2;1.5;0.1;0;4
2015-03-25;13.8;6.6;-2.2;-5;0;4.800;5
2015-03-24;9.2;4.9;0.6;-3;0;1.500;4
2015-03-23;10.3;4.1;-2.3;-5.6;0;9.200;5
2015-03-22;5.6;1.5;-4.4;-7.7;0;10.800;6
2015-03-21;5.4;3.6;1.3;0.7;2.4;0;7
2015-03-20;9;2.9;-4.1;-8.5;2.1;8.300;5
2015-03-19;13.8;4.8;-3;-7.8;0;10.700;4
2015-03-18;14.6;9;-0.1;-4.8;0;8.900;4
2015-03-17;14.9;8.8;2.6;-0.3;0;8.600;4
2015-03-16;13;8.2;3.7;2.3;0;7.600;6
2015-03-15;7;5.3;3.8;3.2;0;0;5
2015-03-14;5.9;4.4;3;2.1;0.2;0;6
2015-03-13;5.9;2.1;-5.3;-8.2;0;0.5;5
2015-03-12;8.3;2.6;-3.4;-7.9;0;10.300;5
2015-03-11;10.5;5.3;-0.4;-4.3;0;8.000;5
2015-03-10;12.6;7.2;1.9;-0.9;0;5.300;5
2015-03-09;10.7;6.5;2.8;-1;1;3.900;4
2015-03-08;17.9;10.2;4;-0.6;0;9.200;5
2015-03-07;12.9;8.4;4.5;3.5;0;1.800;6
2015-03-06;9.9;6.8;4.5;4;0;0.3;5
2015-03-05;8.3;4.5;0;-2.2;0;0.9;5
2015-03-04;6.9;3;0.4;-0.7;3.9;1.100;6
2015-03-03;6.7;3;0.5;0;4;3.600;6
2015-03-02;7.4;4;1.8;1;5.9;3.500;8
2015-03-01;9.2;4;1.3;-0.1;5.4;1.000;6
2015-02-28;6.9;2.7;-0.8;-4.7;0.8;5.300;5
2015-02-27;4.8;3.2;1;-1;3.3;0;4
2015-02-26;8.8;4.9;1.2;-0.5;0;3.700;5
2015-02-25;7.9;3.6;1.3;-1.1;0.2;2.900;5
2015-02-24;7.3;3.9;1.6;0.3;1.3;3.500;6
2015-02-23;4.3;2.9;0.6;0.1;1.1;0;5
2015-02-22;6.6;3.5;1.8;0;0.2;3.200;5
2015-02-21;7.3;4.4;1.5;0.1;0.5;0;7
2015-02-20;6.3;3.6;0.5;-1.2;5.1;0;6
2015-02-19;8;3.1;0.3;-1.4;0;8.600;5
2015-02-18;6.7;3.2;0.7;0.4;0;4.200;5
2015-02-17;3.9;0.5;-2.7;-5.3;0;2.800;4
2015-02-16;3;0.8;-1.4;-3.6;0;0;5
2015-02-15;5.1;1.8;-1.9;-4.2;0;0.3;5
2015-02-14;7.5;1.1;-3;-4.3;0;7.800;5
2015-02-13;1;0;-0.8;-0.9;0;0;4
2015-02-12;2.5;1.4;-0.5;-0.5;0;0;3
2015-02-11;3.5;2.6;0.8;-2.9;0;0;3
2015-02-10;7.9;6.1;2.9;-0.8;0;0;5
2015-02-09;7.2;5.9;4.7;4.2;0;0;6
2015-02-08;4.7;2.6;0.5;-1.2;0.1;8.100;6
2015-02-07;5.8;2;-4.7;-5.4;1.1;0;7
2015-02-06;-1.5;-4.1;-8.2;-11.4;0;1.000;3
2015-02-05;2.6;-0.5;-5.6;-8.6;0.9;2.900;4
2015-02-04;-0.1;-1.3;-3.9;-6.6;0.1;0;3
2015-02-03;0.4;-0.7;-1.4;-2.4;0.2;0.3;4
2015-02-02;3.4;0.4;-1.2;-4.8;0.7;1.100;6
2015-02-01;1.3;-1.2;-4.4;-4.2;0.1;0;5
2015-01-31;1.4;-1.2;-4.2;-7;0;2.500;4
2015-01-30;2.6;1.1;0;-1.3;0;0;3
2015-01-29;3.3;1.9;0.6;-0.5;0;0.2;7
2015-01-28;5.6;3.7;2;1.4;8.2;0;7
2015-01-27;6.3;3.1;0.4;-3.2;0;4.800;5
2015-01-26;5.2;3;1.9;1.1;4.1;0;6
2015-01-25;3.8;0.8;-2.6;-9.8;0.1;1.600;3
2015-01-24;0.6;-1.1;-2.4;-9.4;1.1;0;5
2015-01-23;1.1;-1.2;-3.6;-7.3;0;1.700;5
2015-01-22;1.5;-0.6;-2.9;-6;0;0;4
2015-01-21;0.4;-0.9;-3.5;-4.2;0;0;3
2015-01-20;1.7;0.5;-1.5;-2.5;0;0;3
2015-01-19;1.8;0.5;-0.9;-2;0;0.2;3
2015-01-18;1.9;0.9;-0.5;-2.2;0.4;0;4
2015-01-17;5.7;2.4;-0.2;-2.2;0;6.300;5
2015-01-16;8.1;6.1;3.8;1.7;0;3.700;6
2015-01-15;9.4;5.2;0.7;-0.5;3.8;0;6
2015-01-14;6.7;3.8;1.1;-0.5;2.7;0.6;7
2015-01-13;9.4;7.3;4.7;3.4;9.7;0;6
2015-01-12;8.8;7;5.5;4.7;5.2;0;7
2015-01-11;5.7;3.8;1.1;0.1;10.7;0.5;7
2015-01-10;12.2;8.3;4.3;2.9;8.7;0;10
2015-01-09;9;7;5.5;4.5;10;0;9
2015-01-08;6.6;4.9;2.7;2.4;8.2;0;6
2015-01-07;6.9;4.2;1.6;1.3;0.6;2.400;5
2015-01-06;3.4;2.8;1.4;0.1;0.3;0;5
2015-01-05;5;3.9;2.7;1.1;0.3;0;6
2015-01-04;5.7;3.3;1.2;-1.5;0;4.900;6
2015-01-03;5.5;4.2;2.4;1;3;0;8
2015-01-02;9.2;6.3;4.1;2.4;1.4;0.5;8
2015-01-01;5.5;4.1;3.3;2.2;3.4;0.8;5
